STATE,STATENAME,ST_CASE,PEDS,PERNOTMVIT,VE_TOTAL,VE_FORMS,PVH_INVL,PERSONS,PERMVIT,COUNTY,COUNTYNAME,CITY,CITYNAME,MONTH,MONTHNAME,DAY,DAYNAME,DAY_WEEK,DAY_WEEKNAME,YEAR,HOUR,HOURNAME,MINUTE,MINUTENAME,TWAY_ID,TWAY_ID2,ROUTE,ROUTENAME,RUR_URB,RUR_URBNAME,FUNC_SYS,FUNC_SYSNAME,RD_OWNER,RD_OWNERNAME,NHS,NHSNAME,SP_JUR,SP_JURNAME,MILEPT,MILEPTNAME,LATITUDE,LATITUDENAME,LONGITUD,LONGITUDNAME,HARM_EV,HARM_EVNAME,MAN_COLL,MAN_COLLNAME,RELJCT1,RELJCT1NAME,RELJCT2,RELJCT2NAME,TYP_INT,TYP_INTNAME,REL_ROAD,REL_ROADNAME,WRK_ZONE,WRK_ZONENAME,LGT_COND,LGT_CONDNAME,WEATHER,WEATHERNAME,SCH_BUS,SCH_BUSNAME,RAIL,RAILNAME,NOT_HOUR,NOT_HOURNAME,NOT_MIN,NOT_MINNAME,ARR_HOUR,ARR_HOURNAME,ARR_MIN,ARR_MINNAME,HOSP_HR,HOSP_HRNAME,HOSP_MN,HOSP_MNNAME,FATALS
34,New Jersey,340268,0,0,1,1,0,2,2,33,SALEM (33),567,CARNEYS POINT,3,March,20,20,1,Sunday,2022,7,7:00am-7:59am,56,56,I-95 RAMP,NA,1,Interstate,2,Urban,1,Interstate,1,State Highway Agency,1,This section IS ON the NHS,0,No Special Jurisdiction,13,13,39.67921667,39.67921667,-75.48786389,-75.48786389,33,Curb,0,The First Harmful Event was Not a Collision with a Motor Vehicle in Transport,1,Yes,5,Entrance/Exit Ramp Related,1,Not an Intersection,12,Pedestrian Refuge Island or Traffic Island,0,None,1,Daylight,1,Clear,0,No,0000000,Not Applicable,8,8:00am-8:59am,0,0,8,8:00am-8:59am,7,7,99,Unknown,99,Unknown EMS Hospital Arrival Time,1
34,New Jersey,340269,0,0,1,1,0,1,1,21,MERCER (21),2845,ROBBINSVILLE,4,April,21,21,5,Thursday,2022,3,3:00am-3:59am,43,43,I-95,NA,1,Interstate,1,Rural,1,Interstate,1,State Highway Agency,1,This section IS ON the NHS,0,No Special Jurisdiction,634,634,40.21910833,40.21910833,-74.56380556,-74.56380556,24,Guardrail Face,0,The First Harmful Event was Not a Collision with a Motor Vehicle in Transport,0,No,1,Non-Junction,1,Not an Intersection,3,On Median,0,None,2,Dark - Not Lighted,1,Clear,0,No,0000000,Not Applicable,3,3:00am-3:59am,47,47,4,4:00am-4:59am,3,3,88,Not Applicable (Not Transported),88,Not Applicable (Not Transported),1
34,New Jersey,340270,0,0,1,1,0,2,2,23,MIDDLESEX (23),3705,WOODBRIDGE,6,June,23,23,5,Thursday,2022,6,6:00am-6:59am,31,31,444 GSP,NA,8,Other,2,Urban,2,Principal Arterial - Other Freeways and Expressways,1,State Highway Agency,1,This section IS ON the NHS,0,No Special Jurisdiction,1348,1348,40.60744167,40.60744167,-74.31310833,-74.31310833,1,Rollover/Overturn,0,The First Harmful Event was Not a Collision with a Motor Vehicle in Transport,0,No,1,Non-Junction,1,Not an Intersection,1,On Roadway,0,None,1,Daylight,10,Cloudy,0,No,0000000,Not Applicable,6,6:00am-6:59am,33,33,6,6:00am-6:59am,41,41,7,7:00am-7:59am,27,27,1
34,New Jersey,340271,0,0,2,2,0,2,2,15,GLOUCESTER (15),747,DEPTFORD,5,May,2,2,2,Monday,2022,13,1:00pm-1:59pm,50,50,SR-55 RAMP,NA,3,State Highway,2,Urban,2,Principal Arterial - Other Freeways and Expressways,1,State Highway Agency,1,This section IS ON the NHS,0,No Special Jurisdiction,560,560,39.79510833,39.79510833,-75.11269167,-75.11269167,12,Motor Vehicle In-Transport,2,Front-to-Front,1,Yes,20,Entrance/Exit Ramp,1,Not an Intersection,1,On Roadway,0,None,1,Daylight,1,Clear,0,No,0000000,Not Applicable,13,1:00pm-1:59pm,49,49,13,1:00pm-1:59pm,54,54,14,2:00pm-2:59pm,27,27,2
34,New Jersey,340272,0,0,2,2,0,2,2,1,ATLANTIC (1),1270,HAMMONTON,5,May,5,5,5,Thursday,2022,19,7:00pm-7:59pm,29,29,446 ATLANTIC CITY EXPRESSWAY,NA,8,Other,2,Urban,2,Principal Arterial - Other Freeways and Expressways,1,State Highway Agency,1,This section IS ON the NHS,0,No Special Jurisdiction,285,285,39.62144444,39.62144444,-74.83873056,-74.83873056,12,Motor Vehicle In-Transport,1,Front-to-Rear,0,No,1,Non-Junction,1,Not an Intersection,1,On Roadway,0,None,5,Dusk,1,Clear,0,No,0000000,Not Applicable,19,7:00pm-7:59pm,42,42,19,7:00pm-7:59pm,47,47,20,8:00pm-8:59pm,39,39,1
34,New Jersey,340273,0,0,1,1,0,1,1,29,OCEAN (29),1505,CASSVILLE,4,April,12,12,3,Tuesday,2022,16,4:00pm-4:59pm,10,10,CR-571 TOMS RIVER RD,NA,4,County Road,2,Urban,4,Minor Arterial,2,County Highway Agency,0,This section IS NOT on the NHS,0,No Special Jurisdiction,129,129,40.04294444,40.04294444,-74.31506667,-74.31506667,31,"Post, Pole or Other Supports",0,The First Harmful Event was Not a Collision with a Motor Vehicle in Transport,0,No,1,Non-Junction,1,Not an Intersection,4,On Roadside,0,None,1,Daylight,1,Clear,0,No,0000000,Not Applicable,16,4:00pm-4:59pm,13,13,16,4:00pm-4:59pm,20,20,17,5:00pm-5:59pm,8,8,1
34,New Jersey,340274,1,1,1,1,0,2,2,1,ATLANTIC (1),90,ATLANTIC CITY,4,April,20,20,4,Wednesday,2022,22,10:00pm-10:59pm,50,50,US-40,NA,2,US Highway,2,Urban,3,Principal Arterial - Other,1,State Highway Agency,1,This section IS ON the NHS,0,No Special Jurisdiction,630,630,39.37476944,39.37476944,-74.48258056,-74.48258056,8,Pedestrian,0,The First Harmful Event was Not a Collision with a Motor Vehicle in Transport,0,No,1,Non-Junction,1,Not an Intersection,1,On Roadway,0,None,2,Dark - Not Lighted,1,Clear,0,No,0000000,Not Applicable,22,10:00pm-10:59pm,57,57,23,11:00pm-11:59pm,2,2,99,Unknown,99,Unknown EMS Hospital Arrival Time,1
34,New Jersey,340275,1,1,1,1,0,1,1,39,UNION (39),1700,LINDEN,4,April,19,19,3,Tuesday,2022,18,6:00pm-6:59pm,39,39,CR-617 SOUTH WOOD AVE,EAST STIMPSON AVE,4,County Road,2,Urban,4,Minor Arterial,2,County Highway Agency,0,This section IS NOT on the NHS,0,No Special Jurisdiction,16,16,40.62818056,40.62818056,-74.24674444,-74.24674444,8,Pedestrian,0,The First Harmful Event was Not a Collision with a Motor Vehicle in Transport,0,No,3,Intersection-Related,3,T-Intersection,1,On Roadway,0,None,5,Dusk,2,Rain,0,No,0000000,Not Applicable,18,6:00pm-6:59pm,50,50,18,6:00pm-6:59pm,54,54,19,7:00pm-7:59pm,18,18,1
34,New Jersey,340276,0,0,2,2,0,4,4,33,SALEM (33),567,CARNEYS POINT,4,April,19,19,3,Tuesday,2022,4,4:00am-4:59am,30,30,I-95,NA,1,Interstate,2,Urban,1,Interstate,1,State Highway Agency,1,This section IS ON the NHS,0,No Special Jurisdiction,23,23,39.68528056,39.68528056,-75.44771944,-75.44771944,12,Motor Vehicle In-Transport,1,Front-to-Rear,0,No,1,Non-Junction,1,Not an Intersection,1,On Roadway,0,None,6,Dark - Unknown Lighting,2,Rain,0,No,0000000,Not Applicable,4,4:00am-4:59am,32,32,4,4:00am-4:59am,50,50,5,5:00am-5:59am,24,24,1
34,New Jersey,340277,0,0,2,2,0,2,2,33,SALEM (33),2725,QUINTON,4,April,24,24,1,Sunday,2022,9,9:00am-9:59am,49,49,SR-49,HARRIS RD,3,State Highway,1,Rural,3,Principal Arterial - Other,1,State Highway Agency,1,This section IS ON the NHS,0,No Special Jurisdiction,108,108,39.55835278,39.55835278,-75.44273611,-75.44273611,12,Motor Vehicle In-Transport,6,Angle,0,No,2,Intersection,3,T-Intersection,1,On Roadway,0,None,1,Daylight,1,Clear,0,No,0000000,Not Applicable,9,9:00am-9:59am,46,46,9,9:00am-9:59am,50,50,10,10:00am-10:59am,2,2,1
34,New Jersey,340278,0,0,1,1,0,2,2,33,SALEM (33),0,NOT APPLICABLE,5,May,28,28,7,Saturday,2022,2,2:00am-2:59am,33,33,I-295,NA,1,Interstate,1,Rural,1,Interstate,1,State Highway Agency,1,This section IS ON the NHS,0,No Special Jurisdiction,55,55,39.71881667,39.71881667,-75.42968611,-75.42968611,35,Embankment,0,The First Harmful Event was Not a Collision with a Motor Vehicle in Transport,0,No,1,Non-Junction,1,Not an Intersection,4,On Roadside,0,None,2,Dark - Not Lighted,1,Clear,0,No,0000000,Not Applicable,3,3:00am-3:59am,38,38,3,3:00am-3:59am,54,54,88,Not Applicable (Not Transported),88,Not Applicable (Not Transported),2
34,New Jersey,340279,0,0,1,1,0,1,1,27,MORRIS (27),0,NOT APPLICABLE,1,January,13,13,5,Thursday,2022,15,3:00pm-3:59pm,16,16,I-287,NA,1,Interstate,2,Urban,1,Interstate,1,State Highway Agency,1,This section IS ON the NHS,0,No Special Jurisdiction,328,328,40.75835,40.75835,-74.52218889,-74.52218889,25,Concrete Traffic Barrier,0,The First Harmful Event was Not a Collision with a Motor Vehicle in Transport,0,No,1,Non-Junction,1,Not an Intersection,4,On Roadside,0,None,1,Daylight,1,Clear,0,No,0000000,Not Applicable,15,3:00pm-3:59pm,24,24,15,3:00pm-3:59pm,34,34,88,Not Applicable (Not Transported),88,Not Applicable (Not Transported),1
34,New Jersey,340280,0,0,1,1,0,2,2,11,CUMBERLAND (11),1845,MAURICETOWN,5,May,19,19,5,Thursday,2022,22,10:00pm-10:59pm,42,42,SR-47,NA,3,State Highway,1,Rural,4,Minor Arterial,1,State Highway Agency,0,This section IS NOT on the NHS,0,No Special Jurisdiction,277,277,39.23374444,39.23374444,-74.96536667,-74.96536667,42,Tree (Standing Only),0,The First Harmful Event was Not a Collision with a Motor Vehicle in Transport,0,No,1,Non-Junction,1,Not an Intersection,4,On Roadside,0,None,6,Dark - Unknown Lighting,1,Clear,0,No,0000000,Not Applicable,22,10:00pm-10:59pm,40,40,22,10:00pm-10:59pm,47,47,23,11:00pm-11:59pm,10,10,1
34,New Jersey,340281,0,0,1,1,0,2,2,33,SALEM (33),2617,PITTSGROVE TOWNSHIP,5,May,3,3,3,Tuesday,2022,20,8:00pm-8:59pm,53,53,CR-553,MCKISHEN RD,4,County Road,2,Urban,5,Major Collector,2,County Highway Agency,0,This section IS NOT on the NHS,0,No Special Jurisdiction,296,296,39.552675,39.552675,-75.153325,-75.153325,42,Tree (Standing Only),0,The First Harmful Event was Not a Collision with a Motor Vehicle in Transport,0,No,3,Intersection-Related,3,T-Intersection,4,On Roadside,0,None,2,Dark - Not Lighted,1,Clear,0,No,0000000,Not Applicable,6,6:00am-6:59am,19,19,6,6:00am-6:59am,27,27,7,7:00am-7:59am,19,19,1
34,New Jersey,340282,0,0,2,2,0,3,3,23,MIDDLESEX (23),3705,WOODBRIDGE,6,June,30,30,5,Thursday,2022,12,12:00pm-12:59pm,41,41,I-95 RAMP,NA,1,Interstate,2,Urban,1,Interstate,1,State Highway Agency,1,This section IS ON the NHS,0,No Special Jurisdiction,906,906,40.53972222,40.53972222,-74.30296111,-74.30296111,52,Guardrail End,0,The First Harmful Event was Not a Collision with a Motor Vehicle in Transport,1,Yes,5,Entrance/Exit Ramp Related,1,Not an Intersection,8,Gore,0,None,1,Daylight,1,Clear,0,No,0000000,Not Applicable,12,12:00pm-12:59pm,42,42,12,12:00pm-12:59pm,46,46,13,1:00pm-1:59pm,21,21,1
34,New Jersey,340283,1,1,2,2,0,1,1,5,BURLINGTON (5),611,CHESTERFIELD,6,June,17,17,6,Friday,2022,3,3:00am-3:59am,32,32,I-95,NA,1,Interstate,2,Urban,1,Interstate,1,State Highway Agency,1,This section IS ON the NHS,0,No Special Jurisdiction,568,568,40.15813056,40.15813056,-74.65751389,-74.65751389,12,Motor Vehicle In-Transport,6,Angle,0,No,1,Non-Junction,1,Not an Intersection,1,On Roadway,0,None,2,Dark - Not Lighted,1,Clear,0,No,0000000,Not Applicable,99,Unknown,99,Unknown,99,Unknown EMS Scene Arrival Hour,99,Unknown EMS Scene Arrival Minutes,88,Not Applicable (Not Transported),88,Not Applicable (Not Transported),1
34,New Jersey,340284,0,0,2,2,0,2,2,1,ATLANTIC (1),851,EGG HARBOR TOWNSHIP,6,June,29,29,4,Wednesday,2022,17,5:00pm-5:59pm,48,48,US-40,SPENCER AVE,2,US Highway,2,Urban,3,Principal Arterial - Other,1,State Highway Agency,1,This section IS ON the NHS,0,No Special Jurisdiction,583,583,39.39554444,39.39554444,-74.54448889,-74.54448889,12,Motor Vehicle In-Transport,6,Angle,0,No,3,Intersection-Related,3,T-Intersection,1,On Roadway,0,None,1,Daylight,1,Clear,0,No,0000000,Not Applicable,17,5:00pm-5:59pm,49,49,17,5:00pm-5:59pm,54,54,88,Not Applicable (Not Transported),88,Not Applicable (Not Transported),1
34,New Jersey,340285,0,0,2,2,0,9,9,39,UNION (39),1550,KENILWORTH,6,June,7,7,3,Tuesday,2022,15,3:00pm-3:59pm,47,47,444-GARDEN STATE PARKWAY,NA,8,Other,2,Urban,2,Principal Arterial - Other Freeways and Expressways,31,State Toll Road,1,This section IS ON the NHS,0,No Special Jurisdiction,1403,1403,40.68287778,40.68287778,-74.27677778,-74.27677778,12,Motor Vehicle In-Transport,6,Angle,0,No,1,Non-Junction,1,Not an Intersection,1,On Roadway,1,Construction,1,Daylight,1,Clear,0,No,0000000,Not Applicable,15,3:00pm-3:59pm,58,58,16,4:00pm-4:59pm,4,4,16,4:00pm-4:59pm,42,42,1
34,New Jersey,340286,0,0,1,1,0,1,1,3,BERGEN (3),560,CARLSTADT,6,June,9,9,5,Thursday,2022,13,1:00pm-1:59pm,57,57,MONROE ST,NA,6,Local Street - Municipality,2,Urban,4,Minor Arterial,4,City or Municipal Highway Agency,0,This section IS NOT on the NHS,0,No Special Jurisdiction,99998,Not Reported,40.84115833,40.84115833,-74.093475,-74.093475,33,Curb,0,The First Harmful Event was Not a Collision with a Motor Vehicle in Transport,0,No,1,Non-Junction,1,Not an Intersection,4,On Roadside,0,None,1,Daylight,1,Clear,0,No,0000000,Not Applicable,14,2:00pm-2:59pm,1,1,14,2:00pm-2:59pm,11,11,14,2:00pm-2:59pm,41,41,1
34,New Jersey,340287,0,0,1,1,0,1,1,25,MONMOUTH (25),1465,HOWELL,7,July,29,29,6,Friday,2022,22,10:00pm-10:59pm,27,27,NORSE DRIVE,NA,6,Local Street - Municipality,2,Urban,7,Local,4,City or Municipal Highway Agency,0,This section IS NOT on the NHS,0,No Special Jurisdiction,99998,Not Reported,40.17472222,40.17472222,-74.18283056,-74.18283056,30,Utility Pole/Light Support,0,The First Harmful Event was Not a Collision with a Motor Vehicle in Transport,0,No,1,Non-Junction,1,Not an Intersection,4,On Roadside,0,None,2,Dark - Not Lighted,1,Clear,0,No,0000000,Not Applicable,21,9:00pm-9:59pm,34,34,21,9:00pm-9:59pm,48,48,22,10:00pm-10:59pm,21,21,1
34,New Jersey,340288,0,0,2,2,0,2,2,1,ATLANTIC (1),90,ATLANTIC CITY,7,July,29,29,6,Friday,2022,14,2:00pm-2:59pm,10,10,SOUTH CAROLINA AVE,DREXEL AVE,6,Local Street - Municipality,2,Urban,4,Minor Arterial,4,City or Municipal Highway Agency,0,This section IS NOT on the NHS,0,No Special Jurisdiction,4,4,39.36742222,39.36742222,-74.43001667,-74.43001667,1,Rollover/Overturn,0,The First Harmful Event was Not a Collision with a Motor Vehicle in Transport,0,No,2,Intersection,2,Four-Way Intersection,1,On Roadway,0,None,1,Daylight,1,Clear,0,No,0000000,Not Applicable,14,2:00pm-2:59pm,15,15,14,2:00pm-2:59pm,16,16,14,2:00pm-2:59pm,31,31,1
34,New Jersey,340290,0,0,1,1,0,2,2,5,BURLINGTON (5),1290,HAINESPORT,6,June,7,7,3,Tuesday,2022,6,6:00am-6:59am,55,55,ARK ROAD,NA,6,Local Street - Municipality,2,Urban,5,Major Collector,4,City or Municipal Highway Agency,0,This section IS NOT on the NHS,0,No Special Jurisdiction,99998,Not Reported,39.95096944,39.95096944,-74.86051944,-74.86051944,16,Thrown or Falling Object,0,The First Harmful Event was Not a Collision with a Motor Vehicle in Transport,0,No,1,Non-Junction,1,Not an Intersection,1,On Roadway,0,None,1,Daylight,1,Clear,0,No,0000000,Not Applicable,6,6:00am-6:59am,57,57,7,7:00am-7:59am,1,1,7,7:00am-7:59am,26,26,1
34,New Jersey,340291,0,0,2,2,0,3,3,29,OCEAN (29),1801,MANCHESTER TOWNSHIP,6,June,24,24,6,Friday,2022,19,7:00pm-7:59pm,58,58,CR-08 COMMONWEALTH BLVD,NORTHAMPTON BLVD,4,County Road,2,Urban,5,Major Collector,2,County Highway Agency,0,This section IS NOT on the NHS,0,No Special Jurisdiction,7,7,40.00104444,40.00104444,-74.26824444,-74.26824444,12,Motor Vehicle In-Transport,6,Angle,0,No,2,Intersection,2,Four-Way Intersection,1,On Roadway,0,None,5,Dusk,1,Clear,0,No,0000000,Not Applicable,20,8:00pm-8:59pm,4,4,20,8:00pm-8:59pm,11,11,99,Unknown,99,Unknown EMS Hospital Arrival Time,1
34,New Jersey,340292,0,0,3,3,0,4,4,5,BURLINGTON (5),2540,PEMBERTON,6,June,18,18,7,Saturday,2022,15,3:00pm-3:59pm,33,33,SR-70,SPRING LAKE BLVD,3,State Highway,2,Urban,3,Principal Arterial - Other,1,State Highway Agency,1,This section IS ON the NHS,0,No Special Jurisdiction,308,308,39.93128889,39.93128889,-74.52848889,-74.52848889,12,Motor Vehicle In-Transport,2,Front-to-Front,0,No,2,Intersection,3,T-Intersection,1,On Roadway,0,None,1,Daylight,1,Clear,0,No,0000000,Not Applicable,15,3:00pm-3:59pm,37,37,15,3:00pm-3:59pm,43,43,16,4:00pm-4:59pm,14,14,1
34,New Jersey,340293,0,0,2,2,0,3,3,29,OCEAN (29),0,NOT APPLICABLE,7,July,24,24,1,Sunday,2022,13,1:00pm-1:59pm,59,59,CR-539,NA,4,County Road,1,Rural,5,Major Collector,2,County Highway Agency,0,This section IS NOT on the NHS,0,No Special Jurisdiction,37,37,39.65593056,39.65593056,-74.34501389,-74.34501389,12,Motor Vehicle In-Transport,6,Angle,0,No,1,Non-Junction,1,Not an Intersection,1,On Roadway,0,None,1,Daylight,1,Clear,0,No,0000000,Not Applicable,99,Unknown,99,Unknown,99,Unknown EMS Scene Arrival Hour,99,Unknown EMS Scene Arrival Minutes,88,Not Applicable (Not Transported),88,Not Applicable (Not Transported),1
34,New Jersey,340294,0,0,2,2,0,6,6,29,OCEAN (29),3360,TOMS RIVER,7,July,22,22,6,Friday,2022,0,0:00am-0:59am,24,24,CR-527 LAKEHURST RD,HOSPITAL DR,4,County Road,2,Urban,4,Minor Arterial,2,County Highway Agency,0,This section IS NOT on the NHS,0,No Special Jurisdiction,12,12,39.9612,39.9612,-74.21837222,-74.21837222,12,Motor Vehicle In-Transport,6,Angle,0,No,2,Intersection,2,Four-Way Intersection,1,On Roadway,0,None,6,Dark - Unknown Lighting,1,Clear,0,No,0000000,Not Applicable,0,0:00am-0:59am,25,25,0,0:00am-0:59am,27,27,0,0:00am-0:59am,59,59,3
34,New Jersey,340295,1,1,2,2,0,3,3,3,BERGEN (3),3511,WASHINGTON TOWNSHIP,7,July,23,23,7,Saturday,2022,23,11:00pm-11:59pm,50,50,444-GARDEN STATE PARKWAY,NA,8,Other,2,Urban,2,Principal Arterial - Other Freeways and Expressways,31,State Toll Road,1,This section IS ON the NHS,0,No Special Jurisdiction,1659,1659,40.97745833,40.97745833,-74.07080833,-74.07080833,12,Motor Vehicle In-Transport,1,Front-to-Rear,0,No,1,Non-Junction,1,Not an Intersection,1,On Roadway,0,None,3,Dark - Lighted,1,Clear,0,No,0000000,Not Applicable,99,Unknown,99,Unknown,99,Unknown EMS Scene Arrival Hour,99,Unknown EMS Scene Arrival Minutes,88,Not Applicable (Not Transported),88,Not Applicable (Not Transported),1
34,New Jersey,340296,0,0,5,5,0,7,7,13,ESSEX (13),2130,NEWARK,7,July,16,16,7,Saturday,2022,6,6:00am-6:59am,16,16,I-78,NA,1,Interstate,2,Urban,1,Interstate,1,State Highway Agency,1,This section IS ON the NHS,0,No Special Jurisdiction,574,574,40.71061389,40.71061389,-74.17467222,-74.17467222,24,Guardrail Face,0,The First Harmful Event was Not a Collision with a Motor Vehicle in Transport,0,No,1,Non-Junction,1,Not an Intersection,10,Separator,0,None,1,Daylight,1,Clear,0,No,0000000,Not Applicable,6,6:00am-6:59am,21,21,6,6:00am-6:59am,30,30,7,7:00am-7:59am,1,1,1
34,New Jersey,340297,0,0,1,1,0,1,1,21,MERCER (21),2845,ROBBINSVILLE,8,August,4,4,5,Thursday,2022,4,4:00am-4:59am,59,59,I-195,NA,1,Interstate,2,Urban,1,Interstate,1,State Highway Agency,1,This section IS ON the NHS,0,No Special Jurisdiction,56,56,40.19968056,40.19968056,-74.62149167,-74.62149167,33,Curb,0,The First Harmful Event was Not a Collision with a Motor Vehicle in Transport,0,No,1,Non-Junction,1,Not an Intersection,4,On Roadside,0,None,2,Dark - Not Lighted,1,Clear,0,No,0000000,Not Applicable,5,5:00am-5:59am,1,1,5,5:00am-5:59am,7,7,88,Not Applicable (Not Transported),88,Not Applicable (Not Transported),1
34,New Jersey,340298,1,1,1,1,0,1,1,5,BURLINGTON (5),735,RIVERSIDE PARK,8,August,2,2,3,Tuesday,2022,4,4:00am-4:59am,27,27,US-130,TENBY CHASE DRIVE,2,US Highway,2,Urban,3,Principal Arterial - Other,1,State Highway Agency,1,This section IS ON the NHS,0,No Special Jurisdiction,389,389,40.01083056,40.01083056,-74.96449167,-74.96449167,8,Pedestrian,0,The First Harmful Event was Not a Collision with a Motor Vehicle in Transport,0,No,3,Intersection-Related,2,Four-Way Intersection,1,On Roadway,0,None,3,Dark - Lighted,1,Clear,0,No,0000000,Not Applicable,4,4:00am-4:59am,30,30,4,4:00am-4:59am,32,32,5,5:00am-5:59am,4,4,1
34,New Jersey,340299,0,0,3,3,0,3,3,23,MIDDLESEX (23),2970,SAYREVILLE,1,January,6,6,5,Thursday,2022,11,11:00am-11:59am,1,1,CR-615 BORDENTOWN AVE,NA,4,County Road,2,Urban,4,Minor Arterial,2,County Highway Agency,0,This section IS NOT on the NHS,0,No Special Jurisdiction,99998,Not Reported,40.43154722,40.43154722,-74.33827778,-74.33827778,12,Motor Vehicle In-Transport,2,Front-to-Front,0,No,1,Non-Junction,1,Not an Intersection,1,On Roadway,0,None,1,Daylight,1,Clear,0,No,0000000,Not Applicable,11,11:00am-11:59am,5,5,11,11:00am-11:59am,14,14,11,11:00am-11:59am,58,58,1
34,New Jersey,340300,0,0,2,2,0,2,2,25,MONMOUTH (25),1832,MARLBORO,2,February,13,13,1,Sunday,2022,2,2:00am-2:59am,21,21,US-9,CR-520,2,US Highway,2,Urban,3,Principal Arterial - Other,1,State Highway Agency,1,This section IS ON the NHS,0,No Special Jurisdiction,1207,1207,40.35323333,40.35323333,-74.30704722,-74.30704722,12,Motor Vehicle In-Transport,6,Angle,0,No,2,Intersection,2,Four-Way Intersection,1,On Roadway,0,None,3,Dark - Lighted,3,Sleet or Hail,0,No,0000000,Not Applicable,2,2:00am-2:59am,20,20,2,2:00am-2:59am,34,34,2,2:00am-2:59am,58,58,1
34,New Jersey,340301,0,0,2,2,0,2,2,5,BURLINGTON (5),0,NOT APPLICABLE,2,February,12,12,7,Saturday,2022,13,1:00pm-1:59pm,38,38,CR-532 CHATSWORTH RD,NA,4,County Road,1,Rural,5,Major Collector,2,County Highway Agency,0,This section IS NOT on the NHS,0,No Special Jurisdiction,145,145,39.81425278,39.81425278,-74.547375,-74.547375,1,Rollover/Overturn,0,The First Harmful Event was Not a Collision with a Motor Vehicle in Transport,0,No,1,Non-Junction,1,Not an Intersection,1,On Roadway,0,None,1,Daylight,1,Clear,0,No,0000000,Not Applicable,13,1:00pm-1:59pm,36,36,13,1:00pm-1:59pm,45,45,14,2:00pm-2:59pm,0,0,1
34,New Jersey,340302,1,1,1,1,0,0,0,27,MORRIS (27),1780,MADISON,7,July,20,20,4,Wednesday,2022,10,10:00am-10:59am,37,37,NONE,NA,8,Other,6,Trafficway Not in State Inventory,96,Trafficway Not in State Inventory,96,Trafficway Not in State Inventory,0,This section IS NOT on the NHS,0,No Special Jurisdiction,0,None,40.76365278,40.76365278,-74.42153056,-74.42153056,8,Pedestrian,0,The First Harmful Event was Not a Collision with a Motor Vehicle in Transport,0,No,1,Non-Junction,1,Not an Intersection,1,On Roadway,0,None,1,Daylight,1,Clear,0,No,0000000,Not Applicable,99,Unknown,99,Unknown,99,Unknown EMS Scene Arrival Hour,99,Unknown EMS Scene Arrival Minutes,88,Not Applicable (Not Transported),88,Not Applicable (Not Transported),1
34,New Jersey,340303,0,0,2,2,0,6,6,15,GLOUCESTER (15),747,DEPTFORD,4,April,22,22,6,Friday,2022,6,6:00am-6:59am,27,27,CR-663 TANYARD RD,CR-665 CATTELL RD,4,County Road,2,Urban,4,Minor Arterial,2,County Highway Agency,0,This section IS NOT on the NHS,0,No Special Jurisdiction,27,27,39.80850278,39.80850278,-75.12902778,-75.12902778,12,Motor Vehicle In-Transport,6,Angle,0,No,2,Intersection,2,Four-Way Intersection,1,On Roadway,0,None,1,Daylight,1,Clear,0,No,0000000,Not Applicable,6,6:00am-6:59am,28,28,6,6:00am-6:59am,32,32,7,7:00am-7:59am,1,1,1
34,New Jersey,340304,0,0,2,2,0,3,3,23,MIDDLESEX (23),844,EDISON,5,May,5,5,5,Thursday,2022,22,10:00pm-10:59pm,27,27,US-1,PARSONAGE RD,2,US Highway,2,Urban,3,Principal Arterial - Other,1,State Highway Agency,1,This section IS ON the NHS,0,No Special Jurisdiction,99998,Not Reported,40.54431389,40.54431389,-74.33206111,-74.33206111,1,Rollover/Overturn,0,The First Harmful Event was Not a Collision with a Motor Vehicle in Transport,0,No,3,Intersection-Related,2,Four-Way Intersection,1,On Roadway,0,None,6,Dark - Unknown Lighting,1,Clear,0,No,0000000,Not Applicable,22,10:00pm-10:59pm,30,30,22,10:00pm-10:59pm,36,36,23,11:00pm-11:59pm,1,1,1
34,New Jersey,340305,0,0,2,2,0,6,6,25,MONMOUTH (25),8,ABERDEEN,7,July,10,10,1,Sunday,2022,19,7:00pm-7:59pm,18,18,444-GARDEN STATE PARKWAY,NA,8,Other,2,Urban,2,Principal Arterial - Other Freeways and Expressways,31,State Toll Road,1,This section IS ON the NHS,0,No Special Jurisdiction,1197,1197,40.42789722,40.42789722,-74.22858889,-74.22858889,12,Motor Vehicle In-Transport,1,Front-to-Rear,0,No,1,Non-Junction,1,Not an Intersection,1,On Roadway,0,None,1,Daylight,1,Clear,0,No,0000000,Not Applicable,19,7:00pm-7:59pm,24,24,19,7:00pm-7:59pm,39,39,99,Unknown,99,Unknown EMS Hospital Arrival Time,3
34,New Jersey,340306,0,0,3,3,0,11,11,3,BERGEN (3),3335,TEANECK,7,July,13,13,4,Wednesday,2022,0,0:00am-0:59am,2,2,I-95,NA,1,Interstate,2,Urban,1,Interstate,1,State Highway Agency,1,This section IS ON the NHS,0,No Special Jurisdiction,1200,1200,40.87369167,40.87369167,-73.99545556,-73.99545556,12,Motor Vehicle In-Transport,1,Front-to-Rear,0,No,1,Non-Junction,1,Not an Intersection,1,On Roadway,0,None,6,Dark - Unknown Lighting,1,Clear,0,No,0000000,Not Applicable,0,0:00am-0:59am,6,6,0,0:00am-0:59am,18,18,0,0:00am-0:59am,40,40,2
34,New Jersey,340307,0,0,1,1,0,1,1,13,ESSEX (13),2130,NEWARK,2,February,26,26,7,Saturday,2022,16,4:00pm-4:59pm,43,43,I-95,NA,1,Interstate,2,Urban,1,Interstate,31,State Toll Road,1,This section IS ON the NHS,0,No Special Jurisdiction,1047,1047,40.70474167,40.70474167,-74.15226111,-74.15226111,1,Rollover/Overturn,0,The First Harmful Event was Not a Collision with a Motor Vehicle in Transport,0,No,1,Non-Junction,1,Not an Intersection,1,On Roadway,0,None,1,Daylight,1,Clear,0,No,0000000,Not Applicable,16,4:00pm-4:59pm,49,49,17,5:00pm-5:59pm,4,4,17,5:00pm-5:59pm,15,15,1