STATE,STATENAME,ST_CASE,PEDS,PERNOTMVIT,VE_TOTAL,VE_FORMS,PVH_INVL,PERSONS,PERMVIT,COUNTY,COUNTYNAME,CITY,CITYNAME,MONTH,MONTHNAME,DAY,DAYNAME,DAY_WEEK,DAY_WEEKNAME,YEAR,HOUR,HOURNAME,MINUTE,MINUTENAME,TWAY_ID,TWAY_ID2,ROUTE,ROUTENAME,RUR_URB,RUR_URBNAME,FUNC_SYS,FUNC_SYSNAME,RD_OWNER,RD_OWNERNAME,NHS,NHSNAME,SP_JUR,SP_JURNAME,MILEPT,MILEPTNAME,LATITUDE,LATITUDENAME,LONGITUD,LONGITUDNAME,HARM_EV,HARM_EVNAME,MAN_COLL,MAN_COLLNAME,RELJCT1,RELJCT1NAME,RELJCT2,RELJCT2NAME,TYP_INT,TYP_INTNAME,REL_ROAD,REL_ROADNAME,WRK_ZONE,WRK_ZONENAME,LGT_COND,LGT_CONDNAME,WEATHER,WEATHERNAME,SCH_BUS,SCH_BUSNAME,RAIL,RAILNAME,NOT_HOUR,NOT_HOURNAME,NOT_MIN,NOT_MINNAME,ARR_HOUR,ARR_HOURNAME,ARR_MIN,ARR_MINNAME,HOSP_HR,HOSP_HRNAME,HOSP_MN,HOSP_MNNAME,FATALS
34,New Jersey,340384,0,0,2,2,0,4,4,7,CAMDEN (7),520,CAMDEN,6,June,20,20,2,Monday,2022,22,10:00pm-10:59pm,7,7,CR-609 NORTH 27TH STREET,HOWELL ST,4,County Road,2,Urban,4,Minor Arterial,2,County Highway Agency,0,This section IS NOT on the NHS,0,No Special Jurisdiction,7,7,39.94976389,39.94976389,-75.08928611,-75.08928611,12,Motor Vehicle In-Transport,6,Angle,0,No,2,Intersection,2,Four-Way Intersection,1,On Roadway,0,None,3,Dark - Lighted,1,Clear,0,No,0000000,Not Applicable,22,10:00pm-10:59pm,5,5,22,10:00pm-10:59pm,9,9,22,10:00pm-10:59pm,29,29,2
34,New Jersey,340385,1,1,1,1,0,1,1,7,CAMDEN (7),520,CAMDEN,6,June,21,21,3,Tuesday,2022,1,1:00am-1:59am,23,23,CR-605 MT EPHRIAM AVE,NA,4,County Road,2,Urban,3,Principal Arterial - Other,2,County Highway Agency,1,This section IS ON the NHS,0,No Special Jurisdiction,99998,Not Reported,39.92000278,39.92000278,-75.1029,-75.1029,8,Pedestrian,0,The First Harmful Event was Not a Collision with a Motor Vehicle in Transport,0,No,1,Non-Junction,1,Not an Intersection,1,On Roadway,0,None,2,Dark - Not Lighted,1,Clear,0,No,0000000,Not Applicable,99,Unknown,99,Unknown,99,Unknown EMS Scene Arrival Hour,99,Unknown EMS Scene Arrival Minutes,99,Unknown,99,Unknown EMS Hospital Arrival Time,1
34,New Jersey,340386,0,0,1,1,0,3,3,13,ESSEX (13),1170,GLEN RIDGE,5,May,10,10,3,Tuesday,2022,4,4:00am-4:59am,27,27,CR-506 BLOOMFIELD AVE,CR-653 RIDGEWOOD AVE,4,County Road,2,Urban,3,Principal Arterial - Other,2,County Highway Agency,1,This section IS ON the NHS,0,No Special Jurisdiction,75,75,40.80050833,40.80050833,-74.20375,-74.20375,33,Curb,0,The First Harmful Event was Not a Collision with a Motor Vehicle in Transport,0,No,3,Intersection-Related,2,Four-Way Intersection,4,On Roadside,0,None,3,Dark - Lighted,1,Clear,0,No,0000000,Not Applicable,4,4:00am-4:59am,40,40,4,4:00am-4:59am,44,44,5,5:00am-5:59am,16,16,2
34,New Jersey,340387,0,0,2,2,0,2,2,7,CAMDEN (7),598,CHERRY HILL,5,May,12,12,5,Thursday,2022,18,6:00pm-6:59pm,39,39,CR-561 BERLIN RD,MCINTOSH RD,4,County Road,2,Urban,3,Principal Arterial - Other,2,County Highway Agency,1,This section IS ON the NHS,0,No Special Jurisdiction,421,421,39.86523056,39.86523056,-74.99365,-74.99365,12,Motor Vehicle In-Transport,2,Front-to-Front,0,No,2,Intersection,3,T-Intersection,1,On Roadway,0,None,1,Daylight,1,Clear,0,No,0000000,Not Applicable,18,6:00pm-6:59pm,39,39,18,6:00pm-6:59pm,49,49,19,7:00pm-7:59pm,27,27,1
34,New Jersey,340388,0,0,2,2,0,2,2,13,ESSEX (13),230,BELLEVILLE,6,June,7,7,3,Tuesday,2022,17,5:00pm-5:59pm,30,30,JORALEMON ST,GARDEN AVE,6,Local Street - Municipality,2,Urban,5,Major Collector,4,City or Municipal Highway Agency,0,This section IS NOT on the NHS,0,No Special Jurisdiction,7,7,40.79766389,40.79766389,-74.16186111,-74.16186111,12,Motor Vehicle In-Transport,7,Sideswipe - Same Direction,0,No,2,Intersection,3,T-Intersection,1,On Roadway,0,None,1,Daylight,2,Rain,0,No,0000000,Not Applicable,17,5:00pm-5:59pm,32,32,17,5:00pm-5:59pm,34,34,18,6:00pm-6:59pm,13,13,1
34,New Jersey,340389,1,1,4,4,0,4,4,39,UNION (39),1412,HILLSIDE,2,February,17,17,5,Thursday,2022,18,6:00pm-6:59pm,14,14,US-22,BLOY ST,2,US Highway,2,Urban,3,Principal Arterial - Other,1,State Highway Agency,1,This section IS ON the NHS,0,No Special Jurisdiction,569,569,40.69909722,40.69909722,-74.23875556,-74.23875556,8,Pedestrian,0,The First Harmful Event was Not a Collision with a Motor Vehicle in Transport,0,No,3,Intersection-Related,3,T-Intersection,1,On Roadway,0,None,3,Dark - Lighted,1,Clear,0,No,0000000,Not Applicable,18,6:00pm-6:59pm,24,24,18,6:00pm-6:59pm,26,26,88,Not Applicable (Not Transported),88,Not Applicable (Not Transported),1
34,New Jersey,340390,0,0,1,1,0,1,1,15,GLOUCESTER (15),1082,FRANKLINVILLE,5,May,12,12,5,Thursday,2022,6,6:00am-6:59am,2,2,DUTCH MILL RD,NA,6,Local Street - Municipality,2,Urban,7,Local,4,City or Municipal Highway Agency,0,This section IS NOT on the NHS,0,No Special Jurisdiction,99998,Not Reported,39.58214444,39.58214444,-74.97728889,-74.97728889,53,Mail Box,0,The First Harmful Event was Not a Collision with a Motor Vehicle in Transport,0,No,1,Non-Junction,1,Not an Intersection,4,On Roadside,0,None,1,Daylight,1,Clear,0,No,0000000,Not Applicable,6,6:00am-6:59am,8,8,6,6:00am-6:59am,17,17,88,Not Applicable (Not Transported),88,Not Applicable (Not Transported),1
34,New Jersey,340391,0,0,1,1,0,1,1,25,MONMOUTH (25),1798,MANALAPAN,3,March,18,18,6,Friday,2022,11,11:00am-11:59am,59,59,UNION HILL RD,NA,6,Local Street - Municipality,2,Urban,5,Major Collector,4,City or Municipal Highway Agency,0,This section IS NOT on the NHS,0,No Special Jurisdiction,99998,Not Reported,40.322025,40.322025,-74.35590833,-74.35590833,1,Rollover/Overturn,0,The First Harmful Event was Not a Collision with a Motor Vehicle in Transport,0,No,1,Non-Junction,1,Not an Intersection,1,On Roadway,0,None,1,Daylight,1,Clear,0,No,0000000,Not Applicable,11,11:00am-11:59am,2,2,11,11:00am-11:59am,20,20,11,11:00am-11:59am,46,46,1
34,New Jersey,340392,0,0,1,1,0,2,2,31,PASSAIC (31),3582,WEST MILFORD,7,July,28,28,5,Thursday,2022,23,11:00pm-11:59pm,37,37,SR-23,NA,3,State Highway,2,Urban,3,Principal Arterial - Other,1,State Highway Agency,1,This section IS ON the NHS,0,No Special Jurisdiction,180,180,41.01439444,41.01439444,-74.38926667,-74.38926667,33,Curb,0,The First Harmful Event was Not a Collision with a Motor Vehicle in Transport,0,No,1,Non-Junction,1,Not an Intersection,4,On Roadside,0,None,2,Dark - Not Lighted,1,Clear,0,No,0000000,Not Applicable,99,Unknown,99,Unknown,99,Unknown EMS Scene Arrival Hour,99,Unknown EMS Scene Arrival Minutes,99,Unknown,99,Unknown EMS Hospital Arrival Time,1
34,New Jersey,340393,1,1,1,1,0,2,2,7,CAMDEN (7),120,AUDUBON PARK,8,August,21,21,1,Sunday,2022,5,5:00am-5:59am,10,10,SR-168 BLACK HORSE PIKE,NA,3,State Highway,2,Urban,3,Principal Arterial - Other,1,State Highway Agency,1,This section IS ON the NHS,0,No Special Jurisdiction,99998,Not Reported,39.89634444,39.89634444,-75.09218611,-75.09218611,8,Pedestrian,0,The First Harmful Event was Not a Collision with a Motor Vehicle in Transport,0,No,1,Non-Junction,1,Not an Intersection,1,On Roadway,0,None,2,Dark - Not Lighted,1,Clear,0,No,0000000,Not Applicable,99,Unknown,99,Unknown,99,Unknown EMS Scene Arrival Hour,99,Unknown EMS Scene Arrival Minutes,99,Unknown,99,Unknown EMS Hospital Arrival Time,1
34,New Jersey,340394,1,1,1,1,0,1,1,7,CAMDEN (7),3521,WATERFORD WORKS,8,August,13,13,7,Saturday,2022,23,11:00pm-11:59pm,22,22,US-30 WHITE HORSE PIKE,BARTRAM AVE,2,US Highway,2,Urban,3,Principal Arterial - Other,1,State Highway Agency,1,This section IS ON the NHS,0,No Special Jurisdiction,197,197,39.7647,39.7647,-74.89074167,-74.89074167,8,Pedestrian,0,The First Harmful Event was Not a Collision with a Motor Vehicle in Transport,0,No,3,Intersection-Related,2,Four-Way Intersection,1,On Roadway,0,None,6,Dark - Unknown Lighting,1,Clear,0,No,0000000,Not Applicable,23,11:00pm-11:59pm,23,23,23,11:00pm-11:59pm,28,28,88,Not Applicable (Not Transported),88,Not Applicable (Not Transported),1
34,New Jersey,340395,0,0,1,1,0,2,2,1,ATLANTIC (1),1264,HAMILTON,10,October,21,21,6,Friday,2022,20,8:00pm-8:59pm,38,38,NONE,NA,8,Other,6,Trafficway Not in State Inventory,96,Trafficway Not in State Inventory,96,Trafficway Not in State Inventory,0,This section IS NOT on the NHS,0,No Special Jurisdiction,0,None,39.453975,39.453975,-74.64620833,-74.64620833,1,Rollover/Overturn,0,The First Harmful Event was Not a Collision with a Motor Vehicle in Transport,0,No,1,Non-Junction,1,Not an Intersection,1,On Roadway,0,None,3,Dark - Lighted,1,Clear,0,No,0000000,Not Applicable,20,8:00pm-8:59pm,46,46,20,8:00pm-8:59pm,51,51,21,9:00pm-9:59pm,17,17,1
34,New Jersey,340396,1,1,1,1,0,1,1,5,BURLINGTON (5),1774,LUMBERTON,10,October,28,28,6,Friday,2022,5,5:00am-5:59am,2,2,SR-38,NA,3,State Highway,2,Urban,3,Principal Arterial - Other,1,State Highway Agency,1,This section IS ON the NHS,0,No Special Jurisdiction,33,33,39.98234444,39.98234444,-74.78966389,-74.78966389,8,Pedestrian,0,The First Harmful Event was Not a Collision with a Motor Vehicle in Transport,0,No,1,Non-Junction,1,Not an Intersection,1,On Roadway,0,None,2,Dark - Not Lighted,1,Clear,0,No,0000000,Not Applicable,5,5:00am-5:59am,4,4,5,5:00am-5:59am,9,9,7,7:00am-7:59am,6,6,1
34,New Jersey,340397,1,1,1,1,0,2,2,5,BURLINGTON (5),2081,MT LAUREL,10,October,29,29,7,Saturday,2022,22,10:00pm-10:59pm,15,15,SR-38,NA,3,State Highway,2,Urban,3,Principal Arterial - Other,1,State Highway Agency,1,This section IS ON the NHS,0,No Special Jurisdiction,96,96,39.96718333,39.96718333,-74.91078611,-74.91078611,8,Pedestrian,0,The First Harmful Event was Not a Collision with a Motor Vehicle in Transport,0,No,1,Non-Junction,1,Not an Intersection,1,On Roadway,0,None,6,Dark - Unknown Lighting,1,Clear,0,No,0000000,Not Applicable,99,Unknown,99,Unknown,99,Unknown EMS Scene Arrival Hour,99,Unknown EMS Scene Arrival Minutes,88,Not Applicable (Not Transported),88,Not Applicable (Not Transported),1
34,New Jersey,340398,0,0,1,1,0,1,1,5,BURLINGTON (5),1805,MANSFIELD,10,October,21,21,6,Friday,2022,12,12:00pm-12:59pm,18,18,MANSFIELD RD W,NA,6,Local Street - Municipality,2,Urban,7,Local,4,City or Municipal Highway Agency,0,This section IS NOT on the NHS,0,No Special Jurisdiction,0,None,40.10486667,40.10486667,-74.731875,-74.731875,1,Rollover/Overturn,0,The First Harmful Event was Not a Collision with a Motor Vehicle in Transport,0,No,1,Non-Junction,1,Not an Intersection,4,On Roadside,0,None,1,Daylight,1,Clear,0,No,0000000,Not Applicable,12,12:00pm-12:59pm,21,21,12,12:00pm-12:59pm,29,29,88,Not Applicable (Not Transported),88,Not Applicable (Not Transported),1
34,New Jersey,340399,1,1,1,1,0,3,3,23,MIDDLESEX (23),2140,NEW BRUNSWICK,10,October,29,29,7,Saturday,2022,21,9:00pm-9:59pm,24,24,SR-18 MEMORIAL PKWY,NA,3,State Highway,2,Urban,2,Principal Arterial - Other Freeways and Expressways,1,State Highway Agency,1,This section IS ON the NHS,0,No Special Jurisdiction,419,419,40.49261389,40.49261389,-74.43882778,-74.43882778,8,Pedestrian,0,The First Harmful Event was Not a Collision with a Motor Vehicle in Transport,1,Yes,18,Through Roadway,1,Not an Intersection,1,On Roadway,0,None,2,Dark - Not Lighted,1,Clear,0,No,0000000,Not Applicable,21,9:00pm-9:59pm,28,28,21,9:00pm-9:59pm,33,33,21,9:00pm-9:59pm,53,53,1
34,New Jersey,340400,1,1,1,1,0,2,2,25,MONMOUTH (25),1925,MIDDLETOWN,10,October,21,21,6,Friday,2022,23,11:00pm-11:59pm,21,21,OAK HILL RD,NA,6,Local Street - Municipality,2,Urban,5,Major Collector,4,City or Municipal Highway Agency,0,This section IS NOT on the NHS,0,No Special Jurisdiction,20,20,40.37211944,40.37211944,-74.09861389,-74.09861389,8,Pedestrian,0,The First Harmful Event was Not a Collision with a Motor Vehicle in Transport,0,No,1,Non-Junction,1,Not an Intersection,1,On Roadway,0,None,3,Dark - Lighted,1,Clear,0,No,856890D,856890D,22,10:00pm-10:59pm,46,46,22,10:00pm-10:59pm,52,52,23,11:00pm-11:59pm,34,34,1
34,New Jersey,340401,1,1,1,1,0,2,2,13,ESSEX (13),2130,NEWARK,10,October,2,2,1,Sunday,2022,3,3:00am-3:59am,40,40,US-1/9 RAMP,NA,2,US Highway,2,Urban,3,Principal Arterial - Other,1,State Highway Agency,1,This section IS ON the NHS,0,No Special Jurisdiction,3,3,40.73413333,40.73413333,-74.12340556,-74.12340556,8,Pedestrian,0,The First Harmful Event was Not a Collision with a Motor Vehicle in Transport,1,Yes,20,Entrance/Exit Ramp,1,Not an Intersection,1,On Roadway,0,None,3,Dark - Lighted,1,Clear,0,No,0000000,Not Applicable,3,3:00am-3:59am,59,59,4,4:00am-4:59am,0,0,4,4:00am-4:59am,22,22,1
34,New Jersey,340402,1,1,1,1,0,1,1,3,BERGEN (3),1060,FORT LEE,10,October,17,17,2,Monday,2022,5,5:00am-5:59am,47,47,SR-67 LEMOINE AVE,BRUCE REYNOLDS BLVD,3,State Highway,2,Urban,4,Minor Arterial,1,State Highway Agency,0,This section IS NOT on the NHS,0,No Special Jurisdiction,13,13,40.85363056,40.85363056,-73.96846111,-73.96846111,9,Pedalcyclist,0,The First Harmful Event was Not a Collision with a Motor Vehicle in Transport,0,No,2,Intersection,2,Four-Way Intersection,1,On Roadway,0,None,3,Dark - Lighted,10,Cloudy,0,No,0000000,Not Applicable,5,5:00am-5:59am,59,59,6,6:00am-6:59am,5,5,99,Unknown,99,Unknown EMS Hospital Arrival Time,1
34,New Jersey,340403,1,1,1,1,0,2,2,1,ATLANTIC (1),1264,HAMILTON,10,October,29,29,7,Saturday,2022,22,10:00pm-10:59pm,6,6,ATLANTIC CITY EXPY,NA,8,Other,1,Rural,2,Principal Arterial - Other Freeways and Expressways,31,State Toll Road,1,This section IS ON the NHS,0,No Special Jurisdiction,231,231,39.56934167,39.56934167,-74.76130278,-74.76130278,8,Pedestrian,0,The First Harmful Event was Not a Collision with a Motor Vehicle in Transport,0,No,1,Non-Junction,1,Not an Intersection,1,On Roadway,0,None,2,Dark - Not Lighted,1,Clear,0,No,0000000,Not Applicable,22,10:00pm-10:59pm,18,18,22,10:00pm-10:59pm,26,26,88,Not Applicable (Not Transported),88,Not Applicable (Not Transported),1
34,New Jersey,340404,1,1,1,1,0,2,2,29,OCEAN (29),3360,TOMS RIVER,10,October,23,23,1,Sunday,2022,2,2:00am-2:59am,9,9,SR-70,NA,3,State Highway,2,Urban,3,Principal Arterial - Other,1,State Highway Agency,1,This section IS ON the NHS,0,No Special Jurisdiction,493,493,40.04186667,40.04186667,-74.23365556,-74.23365556,8,Pedestrian,0,The First Harmful Event was Not a Collision with a Motor Vehicle in Transport,0,No,1,Non-Junction,1,Not an Intersection,1,On Roadway,0,None,2,Dark - Not Lighted,1,Clear,0,No,0000000,Not Applicable,2,2:00am-2:59am,11,11,2,2:00am-2:59am,24,24,2,2:00am-2:59am,55,55,1
34,New Jersey,340405,1,1,1,1,0,1,1,39,UNION (39),860,ELIZABETH,10,October,8,8,7,Saturday,2022,2,2:00am-2:59am,47,47,CR-27 NEWARK AVE,NA,4,County Road,2,Urban,3,Principal Arterial - Other,1,State Highway Agency,1,This section IS ON the NHS,0,No Special Jurisdiction,354,354,40.68409444,40.68409444,-74.2066,-74.2066,8,Pedestrian,0,The First Harmful Event was Not a Collision with a Motor Vehicle in Transport,0,No,1,Non-Junction,1,Not an Intersection,1,On Roadway,0,None,3,Dark - Lighted,1,Clear,0,No,0000000,Not Applicable,2,2:00am-2:59am,55,55,99,Unknown EMS Scene Arrival Hour,99,Unknown EMS Scene Arrival Minutes,88,Not Applicable (Not Transported),88,Not Applicable (Not Transported),1
34,New Jersey,340406,2,2,1,1,0,1,1,13,ESSEX (13),320,BLOOMFIELD,10,October,27,27,5,Thursday,2022,16,4:00pm-4:59pm,44,44,CR-509 BROAD ST,W PASSAIC AVE,4,County Road,2,Urban,4,Minor Arterial,2,County Highway Agency,0,This section IS NOT on the NHS,0,No Special Jurisdiction,258,258,40.83316667,40.83316667,-74.18055278,-74.18055278,8,Pedestrian,0,The First Harmful Event was Not a Collision with a Motor Vehicle in Transport,0,No,3,Intersection-Related,3,T-Intersection,1,On Roadway,0,None,1,Daylight,1,Clear,0,No,0000000,Not Applicable,16,4:00pm-4:59pm,52,52,17,5:00pm-5:59pm,0,0,17,5:00pm-5:59pm,21,21,1
34,New Jersey,340408,1,1,2,2,0,2,2,37,SUSSEX (37),1070,FRANKLIN,10,October,7,7,6,Friday,2022,13,1:00pm-1:59pm,57,57,MUNSONHURST RD,SKYLINE DR,6,Local Street - Municipality,2,Urban,4,Minor Arterial,2,County Highway Agency,0,This section IS NOT on the NHS,0,No Special Jurisdiction,396,396,41.09908333,41.09908333,-74.57955,-74.57955,12,Motor Vehicle In-Transport,6,Angle,0,No,2,Intersection,3,T-Intersection,1,On Roadway,0,None,1,Daylight,1,Clear,0,No,0000000,Not Applicable,14,2:00pm-2:59pm,0,0,14,2:00pm-2:59pm,25,25,14,2:00pm-2:59pm,59,59,1
34,New Jersey,340409,1,1,1,1,0,1,1,21,MERCER (21),3380,TRENTON,10,October,3,3,2,Monday,2022,22,10:00pm-10:59pm,13,13,CR- 622 OLDEN AVE,NA,4,County Road,2,Urban,4,Minor Arterial,2,County Highway Agency,0,This section IS NOT on the NHS,0,No Special Jurisdiction,37,37,40.23601111,40.23601111,-74.74725556,-74.74725556,8,Pedestrian,0,The First Harmful Event was Not a Collision with a Motor Vehicle in Transport,0,No,1,Non-Junction,1,Not an Intersection,2,On Shoulder,0,None,6,Dark - Unknown Lighting,2,Rain,0,No,0000000,Not Applicable,22,10:00pm-10:59pm,13,13,22,10:00pm-10:59pm,14,14,22,10:00pm-10:59pm,21,21,1
34,New Jersey,340410,1,1,1,1,0,1,1,21,MERCER (21),2710,PRINCETON,10,October,28,28,6,Friday,2022,10,10:00am-10:59am,38,38,CR-583 MERCER RD,NA,4,County Road,2,Urban,4,Minor Arterial,4,City or Municipal Highway Agency,0,This section IS NOT on the NHS,0,No Special Jurisdiction,65,65,40.31710556,40.31710556,-74.68814167,-74.68814167,8,Pedestrian,0,The First Harmful Event was Not a Collision with a Motor Vehicle in Transport,0,No,1,Non-Junction,1,Not an Intersection,1,On Roadway,0,None,1,Daylight,1,Clear,0,No,0000000,Not Applicable,10,10:00am-10:59am,46,46,10,10:00am-10:59am,52,52,11,11:00am-11:59am,43,43,1
34,New Jersey,340411,1,1,2,2,0,2,2,29,OCEAN (29),416,BRICK TOWN,10,October,2,2,1,Sunday,2022,19,7:00pm-7:59pm,19,19,GARDEN STATE PKWY,NA,8,Other,2,Urban,2,Principal Arterial - Other Freeways and Expressways,31,State Toll Road,1,This section IS ON the NHS,0,No Special Jurisdiction,872,872,40.02317222,40.02317222,-74.18443889,-74.18443889,8,Pedestrian,0,The First Harmful Event was Not a Collision with a Motor Vehicle in Transport,0,No,1,Non-Junction,1,Not an Intersection,1,On Roadway,0,None,2,Dark - Not Lighted,2,Rain,0,No,0000000,Not Applicable,19,7:00pm-7:59pm,21,21,19,7:00pm-7:59pm,29,29,88,Not Applicable (Not Transported),88,Not Applicable (Not Transported),1
34,New Jersey,340412,0,0,1,1,0,1,1,1,ATLANTIC (1),851,EGG HARBOR TOWNSHIP,10,October,14,14,6,Friday,2022,21,9:00pm-9:59pm,19,19,GARDEN STATE PKWY,NA,9,Unknown,2,Urban,2,Principal Arterial - Other Freeways and Expressways,31,State Toll Road,1,This section IS ON the NHS,0,No Special Jurisdiction,385,385,39.43067778,39.43067778,-74.54113056,-74.54113056,24,Guardrail Face,0,The First Harmful Event was Not a Collision with a Motor Vehicle in Transport,0,No,1,Non-Junction,1,Not an Intersection,4,On Roadside,0,None,2,Dark - Not Lighted,1,Clear,0,No,0000000,Not Applicable,99,Unknown,99,Unknown,99,Unknown EMS Scene Arrival Hour,99,Unknown EMS Scene Arrival Minutes,88,Not Applicable (Not Transported),88,Not Applicable (Not Transported),1
34,New Jersey,340413,0,0,1,1,0,1,1,29,OCEAN (29),416,BRICK TOWN,10,October,7,7,6,Friday,2022,15,3:00pm-3:59pm,7,7,SR-88,NA,3,State Highway,2,Urban,3,Principal Arterial - Other,2,County Highway Agency,0,This section IS NOT on the NHS,0,No Special Jurisdiction,69,69,40.07637778,40.07637778,-74.10301667,-74.10301667,19,Building,0,The First Harmful Event was Not a Collision with a Motor Vehicle in Transport,0,No,1,Non-Junction,1,Not an Intersection,4,On Roadside,0,None,1,Daylight,1,Clear,0,No,0000000,Not Applicable,15,3:00pm-3:59pm,9,9,15,3:00pm-3:59pm,15,15,15,3:00pm-3:59pm,28,28,1
34,New Jersey,340414,0,0,1,1,0,1,1,29,OCEAN (29),416,BRICK TOWN,10,October,7,7,6,Friday,2022,2,2:00am-2:59am,51,51,CR-528 MANTOLOKING RD,NA,4,County Road,2,Urban,4,Minor Arterial,2,County Highway Agency,0,This section IS NOT on the NHS,0,No Special Jurisdiction,383,383,40.04517778,40.04517778,-74.07878611,-74.07878611,35,Embankment,0,The First Harmful Event was Not a Collision with a Motor Vehicle in Transport,0,No,1,Non-Junction,1,Not an Intersection,4,On Roadside,0,None,3,Dark - Lighted,1,Clear,0,No,0000000,Not Applicable,99,Unknown,99,Unknown,99,Unknown EMS Scene Arrival Hour,99,Unknown EMS Scene Arrival Minutes,88,Not Applicable (Not Transported),88,Not Applicable (Not Transported),1
34,New Jersey,340415,0,0,1,1,0,1,1,5,BURLINGTON (5),3325,TABERNACLE,10,October,23,23,1,Sunday,2022,9,9:00am-9:59am,27,27,CR-532 MEDFORD LAKES ROAD,NA,4,County Road,2,Urban,5,Major Collector,2,County Highway Agency,0,This section IS NOT on the NHS,0,No Special Jurisdiction,47,47,39.84375833,39.84375833,-74.72143333,-74.72143333,30,Utility Pole/Light Support,0,The First Harmful Event was Not a Collision with a Motor Vehicle in Transport,0,No,1,Non-Junction,1,Not an Intersection,4,On Roadside,0,None,1,Daylight,2,Rain,0,No,0000000,Not Applicable,9,9:00am-9:59am,29,29,9,9:00am-9:59am,31,31,88,Not Applicable (Not Transported),88,Not Applicable (Not Transported),1
34,New Jersey,340417,0,0,1,1,0,1,1,23,MIDDLESEX (23),3160,SOUTH PLAINFIELD,10,October,15,15,7,Saturday,2022,23,11:00pm-11:59pm,21,21,CR-647 NEW BRNWK AVE,NA,4,County Road,2,Urban,5,Major Collector,2,County Highway Agency,0,This section IS NOT on the NHS,0,No Special Jurisdiction,7,7,40.56944722,40.56944722,-74.43664444,-74.43664444,33,Curb,0,The First Harmful Event was Not a Collision with a Motor Vehicle in Transport,0,No,1,Non-Junction,1,Not an Intersection,4,On Roadside,0,None,3,Dark - Lighted,1,Clear,0,No,0000000,Not Applicable,99,Unknown,99,Unknown,99,Unknown EMS Scene Arrival Hour,99,Unknown EMS Scene Arrival Minutes,99,Unknown,99,Unknown EMS Hospital Arrival Time,1
34,New Jersey,340418,1,1,1,1,0,1,1,37,SUSSEX (37),2190,NEWTON,10,October,21,21,6,Friday,2022,16,4:00pm-4:59pm,40,40,CR-616 SPARTA AVENUE,WOODSIDE AVENUE,4,County Road,2,Urban,4,Minor Arterial,2,County Highway Agency,0,This section IS NOT on the NHS,0,No Special Jurisdiction,2,2,41.05086111,41.05086111,-74.74927778,-74.74927778,8,Pedestrian,0,The First Harmful Event was Not a Collision with a Motor Vehicle in Transport,0,No,3,Intersection-Related,2,Four-Way Intersection,1,On Roadway,0,None,1,Daylight,1,Clear,0,No,0000000,Not Applicable,16,4:00pm-4:59pm,40,40,16,4:00pm-4:59pm,47,47,16,4:00pm-4:59pm,56,56,1
34,New Jersey,340419,0,0,1,1,0,3,3,31,PASSAIC (31),660,CLIFTON,10,October,24,24,2,Monday,2022,5,5:00am-5:59am,43,43,GARDEN STATE PKWY,NA,8,Other,2,Urban,2,Principal Arterial - Other Freeways and Expressways,31,State Toll Road,1,This section IS ON the NHS,0,No Special Jurisdiction,1579,1579,40.88908056,40.88908056,-74.13752778,-74.13752778,33,Curb,0,The First Harmful Event was Not a Collision with a Motor Vehicle in Transport,0,No,1,Non-Junction,1,Not an Intersection,4,On Roadside,0,None,3,Dark - Lighted,2,Rain,0,No,0000000,Not Applicable,5,5:00am-5:59am,50,50,6,6:00am-6:59am,8,8,6,6:00am-6:59am,54,54,1
34,New Jersey,340420,0,0,1,1,0,1,1,3,BERGEN (3),1410,HILLSDALE,10,October,31,31,2,Monday,2022,5,5:00am-5:59am,56,56,GARDEN STATE PKWY,NA,8,Other,2,Urban,2,Principal Arterial - Other Freeways and Expressways,31,State Toll Road,1,This section IS ON the NHS,0,No Special Jurisdiction,99998,Not Reported,41.00346667,41.00346667,-74.07071667,-74.07071667,59,Traffic Sign Support,0,The First Harmful Event was Not a Collision with a Motor Vehicle in Transport,0,No,1,Non-Junction,1,Not an Intersection,3,On Median,0,None,2,Dark - Not Lighted,1,Clear,0,No,0000000,Not Applicable,6,6:00am-6:59am,4,4,6,6:00am-6:59am,20,20,6,6:00am-6:59am,49,49,1
34,New Jersey,340421,1,1,2,2,0,2,2,21,MERCER (21),1265,HAMILTON TOWNSHIP,10,October,13,13,5,Thursday,2022,6,6:00am-6:59am,29,29,E PARK AVE,WILFRED AVE,8,Other,2,Urban,5,Major Collector,4,City or Municipal Highway Agency,0,This section IS NOT on the NHS,0,No Special Jurisdiction,6,6,40.20039722,40.20039722,-74.72153056,-74.72153056,8,Pedestrian,0,The First Harmful Event was Not a Collision with a Motor Vehicle in Transport,0,No,3,Intersection-Related,3,T-Intersection,1,On Roadway,0,None,3,Dark - Lighted,2,Rain,0,No,0000000,Not Applicable,6,6:00am-6:59am,30,30,6,6:00am-6:59am,38,38,88,Not Applicable (Not Transported),88,Not Applicable (Not Transported),1