STATE,STATENAME,ST_CASE,PEDS,PERNOTMVIT,VE_TOTAL,VE_FORMS,PVH_INVL,PERSONS,PERMVIT,COUNTY,COUNTYNAME,CITY,CITYNAME,MONTH,MONTHNAME,DAY,DAYNAME,DAY_WEEK,DAY_WEEKNAME,YEAR,HOUR,HOURNAME,MINUTE,MINUTENAME,TWAY_ID,TWAY_ID2,ROUTE,ROUTENAME,RUR_URB,RUR_URBNAME,FUNC_SYS,FUNC_SYSNAME,RD_OWNER,RD_OWNERNAME,NHS,NHSNAME,SP_JUR,SP_JURNAME,MILEPT,MILEPTNAME,LATITUDE,LATITUDENAME,LONGITUD,LONGITUDNAME,HARM_EV,HARM_EVNAME,MAN_COLL,MAN_COLLNAME,RELJCT1,RELJCT1NAME,RELJCT2,RELJCT2NAME,TYP_INT,TYP_INTNAME,REL_ROAD,REL_ROADNAME,WRK_ZONE,WRK_ZONENAME,LGT_COND,LGT_CONDNAME,WEATHER,WEATHERNAME,SCH_BUS,SCH_BUSNAME,RAIL,RAILNAME,NOT_HOUR,NOT_HOURNAME,NOT_MIN,NOT_MINNAME,ARR_HOUR,ARR_HOURNAME,ARR_MIN,ARR_MINNAME,HOSP_HR,HOSP_HRNAME,HOSP_MN,HOSP_MNNAME,FATALS
34,New Jersey,340423,1,1,1,1,0,1,1,9,CAPE MAY (9),0,NOT APPLICABLE,10,October,8,8,7,Saturday,2022,20,8:00pm-8:59pm,28,28,CR-603 BAYSHORE RD,NA,4,County Road,2,Urban,4,Minor Arterial,2,County Highway Agency,0,This section IS NOT on the NHS,0,No Special Jurisdiction,52,52,39.02378333,39.02378333,-74.933125,-74.933125,8,Pedestrian,0,The First Harmful Event was Not a Collision with a Motor Vehicle in Transport,0,No,1,Non-Junction,1,Not an Intersection,1,On Roadway,0,None,3,Dark - Lighted,1,Clear,0,No,0000000,Not Applicable,20,8:00pm-8:59pm,34,34,20,8:00pm-8:59pm,44,44,88,Not Applicable (Not Transported),88,Not Applicable (Not Transported),1
34,New Jersey,340425,0,0,3,3,0,3,3,35,SOMERSET (35),1417,HILLSBOROUGH,10,October,20,20,5,Thursday,2022,6,6:00am-6:59am,37,37,AMWELL ROAD,MARSHALL ROAD,6,Local Street - Municipality,2,Urban,4,Minor Arterial,2,County Highway Agency,0,This section IS NOT on the NHS,0,No Special Jurisdiction,117,117,40.50083056,40.50083056,-74.67006944,-74.67006944,12,Motor Vehicle In-Transport,6,Angle,0,No,2,Intersection,2,Four-Way Intersection,1,On Roadway,0,None,3,Dark - Lighted,1,Clear,0,No,0000000,Not Applicable,6,6:00am-6:59am,41,41,6,6:00am-6:59am,46,46,88,Not Applicable (Not Transported),88,Not Applicable (Not Transported),1
34,New Jersey,340426,0,0,2,2,0,2,2,15,GLOUCESTER (15),0,NOT APPLICABLE,10,October,6,6,5,Thursday,2022,23,11:00pm-11:59pm,50,50,US-322 GLASSBORO RD,NA,2,US Highway,2,Urban,3,Principal Arterial - Other,1,State Highway Agency,1,This section IS ON the NHS,0,No Special Jurisdiction,213,213,39.693775,39.693775,-75.045275,-75.045275,12,Motor Vehicle In-Transport,1,Front-to-Rear,0,No,1,Non-Junction,1,Not an Intersection,1,On Roadway,0,None,3,Dark - Lighted,1,Clear,0,No,0000000,Not Applicable,23,11:00pm-11:59pm,51,51,23,11:00pm-11:59pm,52,52,88,Not Applicable (Not Transported),88,Not Applicable (Not Transported),1
34,New Jersey,340427,0,0,2,2,0,2,2,29,OCEAN (29),3390,TUCKERTON,10,October,21,21,6,Friday,2022,21,9:00pm-9:59pm,23,23,GARDEN STATE PARKWAY,NA,8,Other,2,Urban,2,Principal Arterial - Other Freeways and Expressways,31,State Toll Road,1,This section IS ON the NHS,0,No Special Jurisdiction,593,593,39.65743889,39.65743889,-74.33509167,-74.33509167,12,Motor Vehicle In-Transport,2,Front-to-Front,0,No,1,Non-Junction,1,Not an Intersection,1,On Roadway,0,None,3,Dark - Lighted,1,Clear,0,No,0000000,Not Applicable,21,9:00pm-9:59pm,26,26,21,9:00pm-9:59pm,35,35,88,Not Applicable (Not Transported),88,Not Applicable (Not Transported),2
34,New Jersey,340428,0,0,2,2,0,3,3,13,ESSEX (13),800,EAST ORANGE,10,October,23,23,1,Sunday,2022,0,0:00am-0:59am,58,58,SR-444 GARDEN STATE PARKWAY,NA,3,State Highway,2,Urban,2,Principal Arterial - Other Freeways and Expressways,31,State Toll Road,1,This section IS ON the NHS,0,No Special Jurisdiction,99998,Not Reported,40.77426111,40.77426111,-74.20410278,-74.20410278,12,Motor Vehicle In-Transport,7,Sideswipe - Same Direction,0,No,1,Non-Junction,1,Not an Intersection,1,On Roadway,0,None,2,Dark - Not Lighted,1,Clear,0,No,0000000,Not Applicable,1,1:00am-1:59am,37,37,1,1:00am-1:59am,50,50,2,2:00am-2:59am,4,4,1
34,New Jersey,340429,0,0,2,2,0,3,3,1,ATLANTIC (1),90,ATLANTIC CITY,10,October,10,10,2,Monday,2022,21,9:00pm-9:59pm,36,36,US-30 ABSECON BLVD,NA,2,US Highway,1,Rural,3,Principal Arterial - Other,1,State Highway Agency,1,This section IS ON the NHS,0,No Special Jurisdiction,38,38,39.39159444,39.39159444,-74.48875,-74.48875,25,Concrete Traffic Barrier,0,The First Harmful Event was Not a Collision with a Motor Vehicle in Transport,0,No,1,Non-Junction,1,Not an Intersection,3,On Median,0,None,6,Dark - Unknown Lighting,1,Clear,0,No,0000000,Not Applicable,21,9:00pm-9:59pm,39,39,21,9:00pm-9:59pm,47,47,88,Not Applicable (Not Transported),88,Not Applicable (Not Transported),1
34,New Jersey,340430,0,0,5,5,0,5,5,7,CAMDEN (7),598,CHERRY HILL,10,October,21,21,6,Friday,2022,7,7:00am-7:59am,24,24,I-95 NEW JERSEY TPKE,NA,1,Interstate,2,Urban,2,Principal Arterial - Other Freeways and Expressways,31,State Toll Road,1,This section IS ON the NHS,0,No Special Jurisdiction,99998,Not Reported,39.87696944,39.87696944,-75.01098056,-75.01098056,12,Motor Vehicle In-Transport,6,Angle,0,No,1,Non-Junction,1,Not an Intersection,1,On Roadway,0,None,1,Daylight,1,Clear,0,No,0000000,Not Applicable,7,7:00am-7:59am,27,27,7,7:00am-7:59am,35,35,8,8:00am-8:59am,44,44,1
34,New Jersey,340431,1,1,3,3,0,4,4,35,SOMERSET (35),214,BEDMINSTER,10,October,20,20,5,Thursday,2022,21,9:00pm-9:59pm,26,26,I-287,NA,1,Interstate,2,Urban,1,Interstate,1,State Highway Agency,1,This section IS ON the NHS,0,No Special Jurisdiction,218,218,40.65188333,40.65188333,-74.64588333,-74.64588333,8,Pedestrian,0,The First Harmful Event was Not a Collision with a Motor Vehicle in Transport,0,No,1,Non-Junction,1,Not an Intersection,1,On Roadway,0,None,6,Dark - Unknown Lighting,1,Clear,0,No,0000000,Not Applicable,21,9:00pm-9:59pm,47,47,21,9:00pm-9:59pm,47,47,88,Not Applicable (Not Transported),88,Not Applicable (Not Transported),1
34,New Jersey,340432,0,0,2,2,0,4,4,27,MORRIS (27),0,NOT APPLICABLE,10,October,15,15,7,Saturday,2022,16,4:00pm-4:59pm,5,5,RIVER RD,NA,6,Local Street - Municipality,2,Urban,7,Local,4,City or Municipal Highway Agency,0,This section IS NOT on the NHS,0,No Special Jurisdiction,0,None,40.66563056,40.66563056,-74.52989722,-74.52989722,1,Rollover/Overturn,0,The First Harmful Event was Not a Collision with a Motor Vehicle in Transport,0,No,1,Non-Junction,1,Not an Intersection,1,On Roadway,0,None,1,Daylight,1,Clear,0,No,0000000,Not Applicable,16,4:00pm-4:59pm,9,9,16,4:00pm-4:59pm,18,18,17,5:00pm-5:59pm,7,7,1
34,New Jersey,340433,0,0,2,2,0,2,2,3,BERGEN (3),1210,HACKENSACK,7,July,29,29,6,Friday,2022,15,3:00pm-3:59pm,52,52,CR-561 ESSEX ST,RAILROAD AVE,4,County Road,2,Urban,4,Minor Arterial,2,County Highway Agency,0,This section IS NOT on the NHS,0,No Special Jurisdiction,47,47,40.87946944,40.87946944,-74.05171389,-74.05171389,12,Motor Vehicle In-Transport,6,Angle,0,No,2,Intersection,3,T-Intersection,1,On Roadway,0,None,1,Daylight,1,Clear,0,No,0000000,Not Applicable,16,4:00pm-4:59pm,1,1,16,4:00pm-4:59pm,4,4,16,4:00pm-4:59pm,10,10,1
34,New Jersey,340434,0,0,2,2,0,2,2,35,SOMERSET (35),1081,FRANKLIN PARK,7,July,20,20,4,Wednesday,2022,20,8:00pm-8:59pm,59,59,CR-527 EASTON AVE,OAKLAND AVE,4,County Road,2,Urban,3,Principal Arterial - Other,2,County Highway Agency,1,This section IS ON the NHS,0,No Special Jurisdiction,483,483,40.50658889,40.50658889,-74.47115556,-74.47115556,12,Motor Vehicle In-Transport,6,Angle,0,No,2,Intersection,2,Four-Way Intersection,1,On Roadway,0,None,5,Dusk,1,Clear,0,No,0000000,Not Applicable,21,9:00pm-9:59pm,5,5,21,9:00pm-9:59pm,5,5,21,9:00pm-9:59pm,31,31,1
34,New Jersey,340435,0,0,1,1,0,3,3,39,UNION (39),616,CLARK,10,October,22,22,7,Saturday,2022,11,11:00am-11:59am,36,36,CR-606 WESTFIELD AVE,NA,4,County Road,2,Urban,4,Minor Arterial,4,City or Municipal Highway Agency,0,This section IS NOT on the NHS,0,No Special Jurisdiction,38,38,40.62539167,40.62539167,-74.315425,-74.315425,33,Curb,0,The First Harmful Event was Not a Collision with a Motor Vehicle in Transport,0,No,1,Non-Junction,1,Not an Intersection,4,On Roadside,0,None,1,Daylight,1,Clear,0,No,0000000,Not Applicable,11,11:00am-11:59am,40,40,11,11:00am-11:59am,50,50,12,12:00pm-12:59pm,4,4,1
34,New Jersey,340436,0,0,2,2,0,2,2,23,MIDDLESEX (23),2417,OLD BRIDGE,10,October,19,19,4,Wednesday,2022,6,6:00am-6:59am,24,24,US-9,NA,2,US Highway,2,Urban,3,Principal Arterial - Other,1,State Highway Agency,1,This section IS ON the NHS,0,No Special Jurisdiction,1246,1246,40.40492778,40.40492778,-74.30560833,-74.30560833,12,Motor Vehicle In-Transport,6,Angle,0,No,1,Non-Junction,1,Not an Intersection,1,On Roadway,0,None,3,Dark - Lighted,1,Clear,0,No,0000000,Not Applicable,6,6:00am-6:59am,27,27,6,6:00am-6:59am,44,44,99,Unknown,99,Unknown EMS Hospital Arrival Time,1
34,New Jersey,340437,0,0,2,2,0,2,2,23,MIDDLESEX (23),3170,SOUTH RIVER,10,October,15,15,7,Saturday,2022,21,9:00pm-9:59pm,30,30,VIRGINIA ST,DARROW ST,6,Local Street - Municipality,2,Urban,7,Local,4,City or Municipal Highway Agency,0,This section IS NOT on the NHS,0,No Special Jurisdiction,0,None,40.449675,40.449675,-74.387925,-74.387925,12,Motor Vehicle In-Transport,6,Angle,0,No,2,Intersection,2,Four-Way Intersection,1,On Roadway,0,None,3,Dark - Lighted,1,Clear,0,No,0000000,Not Applicable,21,9:00pm-9:59pm,35,35,21,9:00pm-9:59pm,38,38,22,10:00pm-10:59pm,22,22,1
34,New Jersey,340438,1,1,1,1,0,1,1,39,UNION (39),2730,RAHWAY,8,August,29,29,2,Monday,2022,2,2:00am-2:59am,58,58,SR-27 ST GEORGES AVE,CR-602 WEST INMAN AVE,3,State Highway,2,Urban,3,Principal Arterial - Other,1,State Highway Agency,1,This section IS ON the NHS,0,No Special Jurisdiction,276,276,40.5997,40.5997,-74.29028889,-74.29028889,8,Pedestrian,0,The First Harmful Event was Not a Collision with a Motor Vehicle in Transport,0,No,3,Intersection-Related,2,Four-Way Intersection,1,On Roadway,0,None,3,Dark - Lighted,1,Clear,0,No,0000000,Not Applicable,2,2:00am-2:59am,59,59,3,3:00am-3:59am,2,2,88,Not Applicable (Not Transported),88,Not Applicable (Not Transported),1
34,New Jersey,340439,0,0,2,2,0,4,4,13,ESSEX (13),800,EAST ORANGE,7,July,1,1,6,Friday,2022,18,6:00pm-6:59pm,1,1,GREENWOOD AVE,NA,6,Local Street - Municipality,2,Urban,7,Local,4,City or Municipal Highway Agency,0,This section IS NOT on the NHS,0,No Special Jurisdiction,0,None,40.76061667,40.76061667,-74.20054722,-74.20054722,12,Motor Vehicle In-Transport,6,Angle,0,No,1,Non-Junction,1,Not an Intersection,1,On Roadway,0,None,1,Daylight,1,Clear,0,No,0000000,Not Applicable,99,Unknown,99,Unknown,99,Unknown EMS Scene Arrival Hour,99,Unknown EMS Scene Arrival Minutes,99,Unknown,99,Unknown EMS Hospital Arrival Time,1
34,New Jersey,340440,1,1,1,1,0,1,1,3,BERGEN (3),890,ENGLEWOOD,6,June,18,18,7,Saturday,2022,7,7:00am-7:59am,0,0,SR-4,NA,3,State Highway,2,Urban,2,Principal Arterial - Other Freeways and Expressways,1,State Highway Agency,1,This section IS ON the NHS,0,No Special Jurisdiction,88,88,40.88046389,40.88046389,-73.98344722,-73.98344722,33,Curb,0,The First Harmful Event was Not a Collision with a Motor Vehicle in Transport,0,No,1,Non-Junction,1,Not an Intersection,4,On Roadside,0,None,1,Daylight,1,Clear,0,No,0000000,Not Applicable,99,Unknown,99,Unknown,99,Unknown EMS Scene Arrival Hour,99,Unknown EMS Scene Arrival Minutes,88,Not Applicable (Not Transported),88,Not Applicable (Not Transported),1
34,New Jersey,340441,0,0,2,2,0,3,3,13,ESSEX (13),2130,NEWARK,6,June,18,18,7,Saturday,2022,1,1:00am-1:59am,50,50,US-1 TRUCK,NA,2,US Highway,2,Urban,2,Principal Arterial - Other Freeways and Expressways,1,State Highway Agency,1,This section IS ON the NHS,0,No Special Jurisdiction,99998,Not Reported,40.694725,40.694725,-74.18925278,-74.18925278,12,Motor Vehicle In-Transport,1,Front-to-Rear,0,No,1,Non-Junction,1,Not an Intersection,1,On Roadway,0,None,3,Dark - Lighted,1,Clear,0,No,0000000,Not Applicable,1,1:00am-1:59am,32,32,1,1:00am-1:59am,37,37,99,Unknown,99,Unknown EMS Hospital Arrival Time,1
34,New Jersey,340442,0,0,4,4,0,8,8,23,MIDDLESEX (23),2208,NORTH BRUNSWICK,6,June,28,28,3,Tuesday,2022,23,11:00pm-11:59pm,50,50,US-130,NA,2,US Highway,2,Urban,3,Principal Arterial - Other,1,State Highway Agency,1,This section IS ON the NHS,0,No Special Jurisdiction,99998,Not Reported,40.44472222,40.44472222,-74.46899167,-74.46899167,12,Motor Vehicle In-Transport,1,Front-to-Rear,0,No,1,Non-Junction,1,Not an Intersection,1,On Roadway,0,None,6,Dark - Unknown Lighting,1,Clear,0,No,0000000,Not Applicable,23,11:00pm-11:59pm,57,57,0,0:00am-0:59am,6,6,0,0:00am-0:59am,45,45,1
34,New Jersey,340443,0,0,1,1,0,1,1,1,ATLANTIC (1),1264,HAMILTON,8,August,28,28,1,Sunday,2022,4,4:00am-4:59am,45,45,US-322 BLACK HORSE PIKE,WEYMOUTH RD,2,US Highway,1,Rural,4,Minor Arterial,1,State Highway Agency,0,This section IS NOT on the NHS,0,No Special Jurisdiction,413,413,39.51559722,39.51559722,-74.78275278,-74.78275278,59,Traffic Sign Support,0,The First Harmful Event was Not a Collision with a Motor Vehicle in Transport,0,No,3,Intersection-Related,5,Traffic Circle,8,Gore,0,None,6,Dark - Unknown Lighting,5,"Fog, Smog, Smoke",0,No,0000000,Not Applicable,4,4:00am-4:59am,56,56,4,4:00am-4:59am,58,58,88,Not Applicable (Not Transported),88,Not Applicable (Not Transported),1
34,New Jersey,340444,0,0,1,1,0,1,1,3,BERGEN (3),883,ELMWOOD PARK,8,August,6,6,7,Saturday,2022,20,8:00pm-8:59pm,28,28,I-80,NA,1,Interstate,2,Urban,1,Interstate,1,State Highway Agency,1,This section IS ON the NHS,0,No Special Jurisdiction,608,608,40.90264444,40.90264444,-74.12226944,-74.12226944,24,Guardrail Face,0,The First Harmful Event was Not a Collision with a Motor Vehicle in Transport,0,No,1,Non-Junction,1,Not an Intersection,4,On Roadside,0,None,3,Dark - Lighted,1,Clear,0,No,0000000,Not Applicable,99,Unknown,99,Unknown,99,Unknown EMS Scene Arrival Hour,99,Unknown EMS Scene Arrival Minutes,88,Not Applicable (Not Transported),88,Not Applicable (Not Transported),1
34,New Jersey,340445,0,0,1,1,0,2,2,15,GLOUCESTER (15),1150,GLASSBORO,6,June,4,4,7,Saturday,2022,20,8:00pm-8:59pm,40,40,CR-637 SOUTH ACADEMY ST,CLEVELAND AVE,4,County Road,2,Urban,5,Major Collector,2,County Highway Agency,0,This section IS NOT on the NHS,0,No Special Jurisdiction,14,14,39.68494444,39.68494444,-75.10804722,-75.10804722,40,Fire Hydrant,0,The First Harmful Event was Not a Collision with a Motor Vehicle in Transport,0,No,3,Intersection-Related,3,T-Intersection,4,On Roadside,0,None,5,Dusk,1,Clear,0,No,0000000,Not Applicable,20,8:00pm-8:59pm,42,42,20,8:00pm-8:59pm,49,49,88,Not Applicable (Not Transported),88,Not Applicable (Not Transported),1
34,New Jersey,340446,0,0,2,2,0,3,3,29,OCEAN (29),3360,TOMS RIVER,7,July,20,20,4,Wednesday,2022,22,10:00pm-10:59pm,58,58,444-GARDEN STATE PARKWAY,NA,8,Other,2,Urban,2,Principal Arterial - Other Freeways and Expressways,31,State Toll Road,1,This section IS ON the NHS,0,No Special Jurisdiction,875,875,40.03065556,40.03065556,-74.1834,-74.1834,12,Motor Vehicle In-Transport,1,Front-to-Rear,0,No,1,Non-Junction,1,Not an Intersection,1,On Roadway,1,Construction,2,Dark - Not Lighted,1,Clear,0,No,0000000,Not Applicable,23,11:00pm-11:59pm,1,1,23,11:00pm-11:59pm,7,7,23,11:00pm-11:59pm,36,36,1
34,New Jersey,340447,0,0,2,2,0,2,2,15,GLOUCESTER (15),1751,LOGAN,7,July,12,12,3,Tuesday,2022,5,5:00am-5:59am,57,57,CR-662 HIGH HILL RD,NA,4,County Road,2,Urban,5,Major Collector,2,County Highway Agency,0,This section IS NOT on the NHS,0,No Special Jurisdiction,10,10,39.78128056,39.78128056,-75.3661,-75.3661,12,Motor Vehicle In-Transport,2,Front-to-Front,0,No,1,Non-Junction,1,Not an Intersection,1,On Roadway,0,None,4,Dawn,1,Clear,0,No,0000000,Not Applicable,5,5:00am-5:59am,59,59,6,6:00am-6:59am,7,7,88,Not Applicable (Not Transported),88,Not Applicable (Not Transported),1
34,New Jersey,340448,0,0,1,1,0,1,1,5,BURLINGTON (5),2540,PEMBERTON,9,September,17,17,7,Saturday,2022,18,6:00pm-6:59pm,29,29,SR-70,NA,3,State Highway,2,Urban,3,Principal Arterial - Other,1,State Highway Agency,1,This section IS ON the NHS,0,No Special Jurisdiction,327,327,39.94571667,39.94571667,-74.49759722,-74.49759722,42,Tree (Standing Only),0,The First Harmful Event was Not a Collision with a Motor Vehicle in Transport,0,No,1,Non-Junction,1,Not an Intersection,4,On Roadside,0,None,2,Dark - Not Lighted,1,Clear,0,No,0000000,Not Applicable,18,6:00pm-6:59pm,31,31,18,6:00pm-6:59pm,47,47,19,7:00pm-7:59pm,7,7,1
34,New Jersey,340449,0,0,1,1,0,1,1,25,MONMOUTH (25),0,NOT APPLICABLE,9,September,28,28,4,Wednesday,2022,10,10:00am-10:59am,41,41,JONATHAN HOLMES RD,NA,6,Local Street - Municipality,1,Rural,7,Local,4,City or Municipal Highway Agency,0,This section IS NOT on the NHS,0,No Special Jurisdiction,0,None,40.12801111,40.12801111,-74.49485278,-74.49485278,42,Tree (Standing Only),0,The First Harmful Event was Not a Collision with a Motor Vehicle in Transport,0,No,1,Non-Junction,1,Not an Intersection,4,On Roadside,0,None,1,Daylight,1,Clear,0,No,0000000,Not Applicable,99,Unknown,99,Unknown,99,Unknown EMS Scene Arrival Hour,99,Unknown EMS Scene Arrival Minutes,88,Not Applicable (Not Transported),88,Not Applicable (Not Transported),1
34,New Jersey,340450,0,0,1,1,0,1,1,37,SUSSEX (37),0,NOT APPLICABLE,9,September,8,8,5,Thursday,2022,6,6:00am-6:59am,57,57,HOLLAND MOUNTAIN RD,NA,6,Local Street - Municipality,1,Rural,7,Local,4,City or Municipal Highway Agency,0,This section IS NOT on the NHS,0,No Special Jurisdiction,0,None,41.08065833,41.08065833,-74.520175,-74.520175,42,Tree (Standing Only),0,The First Harmful Event was Not a Collision with a Motor Vehicle in Transport,0,No,1,Non-Junction,1,Not an Intersection,4,On Roadside,0,None,1,Daylight,1,Clear,0,No,0000000,Not Applicable,7,7:00am-7:59am,0,0,7,7:00am-7:59am,11,11,8,8:00am-8:59am,35,35,1
34,New Jersey,340451,0,0,1,1,0,1,1,39,UNION (39),2730,RAHWAY,10,October,9,9,1,Sunday,2022,16,4:00pm-4:59pm,31,31,SR-27 ST GEORGES AVE,NA,3,State Highway,2,Urban,3,Principal Arterial - Other,1,State Highway Agency,1,This section IS ON the NHS,0,No Special Jurisdiction,99998,Not Reported,40.60283889,40.60283889,-74.29019444,-74.29019444,33,Curb,0,The First Harmful Event was Not a Collision with a Motor Vehicle in Transport,0,No,1,Non-Junction,1,Not an Intersection,4,On Roadside,0,None,1,Daylight,1,Clear,0,No,0000000,Not Applicable,16,4:00pm-4:59pm,32,32,16,4:00pm-4:59pm,36,36,16,4:00pm-4:59pm,51,51,1
34,New Jersey,340452,1,1,1,1,0,1,1,21,MERCER (21),3380,TRENTON,9,September,26,26,2,Monday,2022,20,8:00pm-8:59pm,15,15,PROSPECT ST,INDEPENDENCE LANE,6,Local Street - Municipality,2,Urban,4,Minor Arterial,4,City or Municipal Highway Agency,0,This section IS NOT on the NHS,0,No Special Jurisdiction,0,None,40.23285278,40.23285278,-74.773175,-74.773175,8,Pedestrian,0,The First Harmful Event was Not a Collision with a Motor Vehicle in Transport,0,No,3,Intersection-Related,3,T-Intersection,1,On Roadway,0,None,3,Dark - Lighted,1,Clear,0,No,0000000,Not Applicable,20,8:00pm-8:59pm,18,18,20,8:00pm-8:59pm,21,21,20,8:00pm-8:59pm,35,35,1
34,New Jersey,340453,0,0,1,1,0,1,1,3,BERGEN (3),60,ALPINE,9,September,3,3,7,Saturday,2022,2,2:00am-2:59am,37,37,445-PALISADES PARKWAY,NA,8,Other,2,Urban,2,Principal Arterial - Other Freeways and Expressways,31,State Toll Road,1,This section IS ON the NHS,0,No Special Jurisdiction,99998,Not Reported,40.93966111,40.93966111,-73.92470278,-73.92470278,42,Tree (Standing Only),0,The First Harmful Event was Not a Collision with a Motor Vehicle in Transport,0,No,1,Non-Junction,1,Not an Intersection,3,On Median,0,None,2,Dark - Not Lighted,1,Clear,0,No,0000000,Not Applicable,2,2:00am-2:59am,40,40,2,2:00am-2:59am,55,55,88,Not Applicable (Not Transported),88,Not Applicable (Not Transported),1
34,New Jersey,340454,0,0,1,1,0,12,12,3,BERGEN (3),890,ENGLEWOOD,9,September,2,2,6,Friday,2022,1,1:00am-1:59am,27,27,445-PALISADES PARKWAY,NA,8,Other,2,Urban,2,Principal Arterial - Other Freeways and Expressways,31,State Toll Road,1,This section IS ON the NHS,0,No Special Jurisdiction,33,33,40.90163333,40.90163333,-73.93706111,-73.93706111,1,Rollover/Overturn,0,The First Harmful Event was Not a Collision with a Motor Vehicle in Transport,0,No,1,Non-Junction,1,Not an Intersection,3,On Median,0,None,2,Dark - Not Lighted,1,Clear,0,No,0000000,Not Applicable,1,1:00am-1:59am,38,38,1,1:00am-1:59am,45,45,2,2:00am-2:59am,11,11,5
34,New Jersey,340455,0,0,2,2,0,4,4,1,ATLANTIC (1),851,EGG HARBOR TOWNSHIP,9,September,10,10,7,Saturday,2022,12,12:00pm-12:59pm,46,46,446-ATLANTIC CITY EXPRESSWAY,NA,8,Other,2,Urban,2,Principal Arterial - Other Freeways and Expressways,31,State Toll Road,1,This section IS ON the NHS,0,No Special Jurisdiction,78,78,39.41813611,39.41813611,-74.56285833,-74.56285833,12,Motor Vehicle In-Transport,1,Front-to-Rear,0,No,1,Non-Junction,1,Not an Intersection,1,On Roadway,0,None,1,Daylight,1,Clear,0,No,0000000,Not Applicable,12,12:00pm-12:59pm,50,50,12,12:00pm-12:59pm,55,55,88,Not Applicable (Not Transported),88,Not Applicable (Not Transported),1
34,New Jersey,340456,0,0,2,2,0,2,2,29,OCEAN (29),1801,MANCHESTER TOWNSHIP,10,October,13,13,5,Thursday,2022,6,6:00am-6:59am,46,46,SR-70,NA,3,State Highway,1,Rural,3,Principal Arterial - Other,1,State Highway Agency,1,This section IS ON the NHS,0,No Special Jurisdiction,343,343,39.95209444,39.95209444,-74.46836389,-74.46836389,12,Motor Vehicle In-Transport,2,Front-to-Front,0,No,1,Non-Junction,1,Not an Intersection,1,On Roadway,0,None,1,Daylight,10,Cloudy,0,No,0000000,Not Applicable,6,6:00am-6:59am,49,49,7,7:00am-7:59am,0,0,88,Not Applicable (Not Transported),88,Not Applicable (Not Transported),1
34,New Jersey,340457,0,0,3,3,0,3,3,33,SALEM (33),2617,PITTSGROVE TOWNSHIP,10,October,9,9,1,Sunday,2022,22,10:00pm-10:59pm,5,5,SR-56,NA,3,State Highway,2,Urban,4,Minor Arterial,1,State Highway Agency,0,This section IS NOT on the NHS,0,No Special Jurisdiction,61,61,39.489625,39.489625,-75.09994444,-75.09994444,12,Motor Vehicle In-Transport,1,Front-to-Rear,0,No,1,Non-Junction,1,Not an Intersection,2,On Shoulder,0,None,2,Dark - Not Lighted,1,Clear,0,No,0000000,Not Applicable,22,10:00pm-10:59pm,12,12,22,10:00pm-10:59pm,23,23,88,Not Applicable (Not Transported),88,Not Applicable (Not Transported),1
34,New Jersey,340458,0,0,2,2,0,3,3,5,BURLINGTON (5),481,BURLINGTON TOWNSHIP,11,November,20,20,1,Sunday,2022,3,3:00am-3:59am,27,27,I-295,NA,1,Interstate,2,Urban,1,Interstate,1,State Highway Agency,1,This section IS ON the NHS,0,No Special Jurisdiction,467,467,40.03330556,40.03330556,-74.84002778,-74.84002778,12,Motor Vehicle In-Transport,1,Front-to-Rear,0,No,1,Non-Junction,1,Not an Intersection,1,On Roadway,0,None,6,Dark - Unknown Lighting,1,Clear,0,No,0000000,Not Applicable,3,3:00am-3:59am,32,32,3,3:00am-3:59am,40,40,4,4:00am-4:59am,10,10,1
34,New Jersey,340459,0,0,2,2,0,2,2,31,PASSAIC (31),660,CLIFTON,11,November,8,8,3,Tuesday,2022,8,8:00am-8:59am,50,50,CR-602 ALLWOOD RD,NA,4,County Road,2,Urban,4,Minor Arterial,2,County Highway Agency,0,This section IS NOT on the NHS,0,No Special Jurisdiction,0,None,40.85535,40.85535,-74.1771,-74.1771,12,Motor Vehicle In-Transport,6,Angle,0,No,8,Driveway Access Related,1,Not an Intersection,1,On Roadway,0,None,1,Daylight,1,Clear,0,No,0000000,Not Applicable,8,8:00am-8:59am,51,51,8,8:00am-8:59am,59,59,9,9:00am-9:59am,11,11,1
34,New Jersey,340460,0,0,2,2,0,2,2,27,MORRIS (27),2084,MT OLIVE,11,November,10,10,5,Thursday,2022,14,2:00pm-2:59pm,16,16,US-46,VILLAGE WAY,2,US Highway,2,Urban,3,Principal Arterial - Other,1,State Highway Agency,1,This section IS ON the NHS,0,No Special Jurisdiction,286,286,40.88608333,40.88608333,-74.72663056,-74.72663056,12,Motor Vehicle In-Transport,6,Angle,0,No,2,Intersection,3,T-Intersection,1,On Roadway,0,None,1,Daylight,1,Clear,0,No,0000000,Not Applicable,14,2:00pm-2:59pm,18,18,14,2:00pm-2:59pm,25,25,14,2:00pm-2:59pm,56,56,1
34,New Jersey,340461,0,0,2,2,0,3,3,33,SALEM (33),2617,PITTSGROVE TOWNSHIP,11,November,21,21,2,Monday,2022,10,10:00am-10:59am,20,20,CR-639  WILLOW GROVE RD,NA,4,County Road,1,Rural,5,Major Collector,2,County Highway Agency,0,This section IS NOT on the NHS,0,No Special Jurisdiction,48,48,39.55432778,39.55432778,-75.081525,-75.081525,12,Motor Vehicle In-Transport,6,Angle,0,No,1,Non-Junction,1,Not an Intersection,1,On Roadway,0,None,1,Daylight,1,Clear,0,No,0000000,Not Applicable,10,10:00am-10:59am,19,19,10,10:00am-10:59am,29,29,11,11:00am-11:59am,2,2,1