STATE,STATENAME,ST_CASE,PEDS,PERNOTMVIT,VE_TOTAL,VE_FORMS,PVH_INVL,PERSONS,PERMVIT,COUNTY,COUNTYNAME,CITY,CITYNAME,MONTH,MONTHNAME,DAY,DAYNAME,DAY_WEEK,DAY_WEEKNAME,YEAR,HOUR,HOURNAME,MINUTE,MINUTENAME,TWAY_ID,TWAY_ID2,ROUTE,ROUTENAME,RUR_URB,RUR_URBNAME,FUNC_SYS,FUNC_SYSNAME,RD_OWNER,RD_OWNERNAME,NHS,NHSNAME,SP_JUR,SP_JURNAME,MILEPT,MILEPTNAME,LATITUDE,LATITUDENAME,LONGITUD,LONGITUDNAME,HARM_EV,HARM_EVNAME,MAN_COLL,MAN_COLLNAME,RELJCT1,RELJCT1NAME,RELJCT2,RELJCT2NAME,TYP_INT,TYP_INTNAME,REL_ROAD,REL_ROADNAME,WRK_ZONE,WRK_ZONENAME,LGT_COND,LGT_CONDNAME,WEATHER,WEATHERNAME,SCH_BUS,SCH_BUSNAME,RAIL,RAILNAME,NOT_HOUR,NOT_HOURNAME,NOT_MIN,NOT_MINNAME,ARR_HOUR,ARR_HOURNAME,ARR_MIN,ARR_MINNAME,HOSP_HR,HOSP_HRNAME,HOSP_MN,HOSP_MNNAME,FATALS
34,New Jersey,340614,0,0,1,1,0,2,2,31,PASSAIC (31),1350,HAWTHORNE,9,September,5,5,2,Monday,2022,12,12:00pm-12:59pm,9,9,SR-208,NA,3,State Highway,2,Urban,2,Principal Arterial - Other Freeways and Expressways,1,State Highway Agency,1,This section IS ON the NHS,0,No Special Jurisdiction,42,42,40.96603333,40.96603333,-74.15187778,-74.15187778,33,Curb,0,The First Harmful Event was Not a Collision with a Motor Vehicle in Transport,0,No,1,Non-Junction,1,Not an Intersection,4,On Roadside,0,None,1,Daylight,1,Clear,0,No,0000000,Not Applicable,12,12:00pm-12:59pm,17,17,12,12:00pm-12:59pm,22,22,13,1:00pm-1:59pm,0,0,1
34,New Jersey,340615,1,1,1,1,0,1,1,31,PASSAIC (31),1350,HAWTHORNE,9,September,23,23,6,Friday,2022,13,1:00pm-1:59pm,6,6,METRO VISTA DRIVE,NA,6,Local Street - Municipality,2,Urban,7,Local,4,City or Municipal Highway Agency,0,This section IS NOT on the NHS,0,No Special Jurisdiction,99998,Not Reported,40.95549167,40.95549167,-74.16672222,-74.16672222,59,Traffic Sign Support,0,The First Harmful Event was Not a Collision with a Motor Vehicle in Transport,0,No,1,Non-Junction,1,Not an Intersection,4,On Roadside,0,None,1,Daylight,1,Clear,0,No,0000000,Not Applicable,13,1:00pm-1:59pm,13,13,13,1:00pm-1:59pm,20,20,13,1:00pm-1:59pm,49,49,1
34,New Jersey,340616,0,0,7,7,0,18,18,23,MIDDLESEX (23),844,EDISON,8,August,6,6,7,Saturday,2022,21,9:00pm-9:59pm,21,21,US-1,EDISON TOWN SQUARE,2,US Highway,2,Urban,3,Principal Arterial - Other,1,State Highway Agency,1,This section IS ON the NHS,0,No Special Jurisdiction,99998,Not Reported,40.51720556,40.51720556,-74.37047222,-74.37047222,12,Motor Vehicle In-Transport,1,Front-to-Rear,0,No,3,Intersection-Related,3,T-Intersection,1,On Roadway,0,None,3,Dark - Lighted,1,Clear,0,No,0000000,Not Applicable,21,9:00pm-9:59pm,26,26,21,9:00pm-9:59pm,35,35,22,10:00pm-10:59pm,16,16,1
34,New Jersey,340617,1,1,1,1,0,1,1,7,CAMDEN (7),1710,LINDENWOLD,10,October,19,19,4,Wednesday,2022,10,10:00am-10:59am,10,10,CR-534 BLACKWOOD CLEMENTON RD,WOODROW AVE,4,County Road,2,Urban,3,Principal Arterial - Other,2,County Highway Agency,1,This section IS ON the NHS,0,No Special Jurisdiction,77,77,39.80518056,39.80518056,-75.00551667,-75.00551667,8,Pedestrian,0,The First Harmful Event was Not a Collision with a Motor Vehicle in Transport,0,No,3,Intersection-Related,3,T-Intersection,1,On Roadway,0,None,1,Daylight,1,Clear,0,No,0000000,Not Applicable,10,10:00am-10:59am,13,13,10,10:00am-10:59am,17,17,88,Not Applicable (Not Transported),88,Not Applicable (Not Transported),1
34,New Jersey,340618,0,0,2,2,0,3,3,23,MIDDLESEX (23),704,CRANBURY,12,December,10,10,7,Saturday,2022,15,3:00pm-3:59pm,42,42,CR-615 STATION RD,LIBERTY WAY,4,County Road,2,Urban,5,Major Collector,2,County Highway Agency,0,This section IS NOT on the NHS,0,No Special Jurisdiction,46,46,40.30610833,40.30610833,-74.50369444,-74.50369444,12,Motor Vehicle In-Transport,6,Angle,0,No,2,Intersection,2,Four-Way Intersection,1,On Roadway,0,None,1,Daylight,1,Clear,0,No,0000000,Not Applicable,15,3:00pm-3:59pm,47,47,15,3:00pm-3:59pm,56,56,16,4:00pm-4:59pm,44,44,2
34,New Jersey,340619,0,0,2,2,0,2,2,5,BURLINGTON (5),0,NOT APPLICABLE,10,October,5,5,4,Wednesday,2022,18,6:00pm-6:59pm,58,58,CR-616 WRIGHTSTOWN COOKSTOWN,NA,4,County Road,2,Urban,5,Major Collector,2,County Highway Agency,0,This section IS NOT on the NHS,0,No Special Jurisdiction,264,264,40.04434444,40.04434444,-74.57166111,-74.57166111,12,Motor Vehicle In-Transport,2,Front-to-Front,0,No,1,Non-Junction,1,Not an Intersection,1,On Roadway,0,None,5,Dusk,10,Cloudy,0,No,0000000,Not Applicable,19,7:00pm-7:59pm,2,2,19,7:00pm-7:59pm,12,12,19,7:00pm-7:59pm,54,54,1
34,New Jersey,340620,0,0,2,2,0,3,3,29,OCEAN (29),0,NOT APPLICABLE,10,October,12,12,4,Wednesday,2022,14,2:00pm-2:59pm,44,44,CR-14 HILLIARD BLVD,NA,4,County Road,2,Urban,5,Major Collector,2,County Highway Agency,0,This section IS NOT on the NHS,0,No Special Jurisdiction,99998,Not Reported,39.68438056,39.68438056,-74.22898333,-74.22898333,12,Motor Vehicle In-Transport,2,Front-to-Front,0,No,1,Non-Junction,1,Not an Intersection,1,On Roadway,0,None,1,Daylight,1,Clear,0,No,0000000,Not Applicable,14,2:00pm-2:59pm,46,46,14,2:00pm-2:59pm,49,49,15,3:00pm-3:59pm,25,25,1
34,New Jersey,340621,0,0,2,2,0,2,2,13,ESSEX (13),1170,GLEN RIDGE,9,September,27,27,3,Tuesday,2022,16,4:00pm-4:59pm,0,0,CR-506 BLOOMFIELD AVE,HIGH ST,4,County Road,2,Urban,3,Principal Arterial - Other,2,County Highway Agency,1,This section IS ON the NHS,0,No Special Jurisdiction,76,76,40.79985,40.79985,-74.20255278,-74.20255278,12,Motor Vehicle In-Transport,6,Angle,0,No,2,Intersection,3,T-Intersection,1,On Roadway,0,None,1,Daylight,1,Clear,0,No,0000000,Not Applicable,16,4:00pm-4:59pm,2,2,16,4:00pm-4:59pm,20,20,17,5:00pm-5:59pm,5,5,1
34,New Jersey,340622,0,0,2,2,0,6,6,31,PASSAIC (31),1725,LITTLE FALLS,8,August,19,19,6,Friday,2022,22,10:00pm-10:59pm,45,45,SR-23,WOODHULL AVE,3,State Highway,2,Urban,3,Principal Arterial - Other,1,State Highway Agency,1,This section IS ON the NHS,0,No Special Jurisdiction,41,41,40.88236944,40.88236944,-74.24336389,-74.24336389,12,Motor Vehicle In-Transport,6,Angle,0,No,2,Intersection,3,T-Intersection,1,On Roadway,0,None,6,Dark - Unknown Lighting,1,Clear,0,No,0000000,Not Applicable,22,10:00pm-10:59pm,45,45,22,10:00pm-10:59pm,59,59,23,11:00pm-11:59pm,34,34,2
34,New Jersey,340623,0,0,3,3,0,3,3,7,CAMDEN (7),3465,VOORHEES,8,August,12,12,6,Friday,2022,18,6:00pm-6:59pm,0,0,SR-73,NA,3,State Highway,2,Urban,3,Principal Arterial - Other,1,State Highway Agency,1,This section IS ON the NHS,0,No Special Jurisdiction,99998,Not Reported,39.84985278,39.84985278,-74.92265278,-74.92265278,12,Motor Vehicle In-Transport,6,Angle,0,No,8,Driveway Access Related,1,Not an Intersection,1,On Roadway,0,None,1,Daylight,1,Clear,0,No,0000000,Not Applicable,17,5:00pm-5:59pm,57,57,17,5:00pm-5:59pm,58,58,18,6:00pm-6:59pm,39,39,1
34,New Jersey,340624,1,1,1,1,0,1,1,23,MIDDLESEX (23),844,EDISON,7,July,9,9,7,Saturday,2022,0,0:00am-0:59am,46,46,TALMADGE RD,NEW DURHAM RD,6,Local Street - Municipality,2,Urban,4,Minor Arterial,4,City or Municipal Highway Agency,0,This section IS NOT on the NHS,0,No Special Jurisdiction,99998,Not Reported,40.54218611,40.54218611,-74.39834444,-74.39834444,8,Pedestrian,0,The First Harmful Event was Not a Collision with a Motor Vehicle in Transport,0,No,3,Intersection-Related,2,Four-Way Intersection,1,On Roadway,0,None,2,Dark - Not Lighted,1,Clear,0,No,0000000,Not Applicable,0,0:00am-0:59am,50,50,0,0:00am-0:59am,54,54,1,1:00am-1:59am,23,23,1
34,New Jersey,340625,1,1,4,4,0,3,3,39,UNION (39),860,ELIZABETH,12,December,16,16,6,Friday,2022,2,2:00am-2:59am,20,20,I-95,NA,1,Interstate,2,Urban,1,Interstate,31,State Toll Road,1,This section IS ON the NHS,0,No Special Jurisdiction,1008,1008,40.65561389,40.65561389,-74.189125,-74.189125,12,Motor Vehicle In-Transport,2,Front-to-Front,0,No,1,Non-Junction,1,Not an Intersection,1,On Roadway,0,None,2,Dark - Not Lighted,2,Rain,0,No,0000000,Not Applicable,2,2:00am-2:59am,29,29,2,2:00am-2:59am,32,32,99,Unknown,99,Unknown EMS Hospital Arrival Time,1
34,New Jersey,340626,1,1,1,1,0,1,1,7,CAMDEN (7),0,NOT APPLICABLE,12,December,29,29,5,Thursday,2022,17,5:00pm-5:59pm,36,36,CR-759 LITTLE GLOUCESTER RD,NA,4,County Road,2,Urban,4,Minor Arterial,2,County Highway Agency,0,This section IS NOT on the NHS,0,No Special Jurisdiction,15,15,39.79688889,39.79688889,-75.03916944,-75.03916944,8,Pedestrian,0,The First Harmful Event was Not a Collision with a Motor Vehicle in Transport,0,No,1,Non-Junction,1,Not an Intersection,1,On Roadway,0,None,2,Dark - Not Lighted,1,Clear,0,No,0000000,Not Applicable,17,5:00pm-5:59pm,44,44,17,5:00pm-5:59pm,51,51,88,Not Applicable (Not Transported),88,Not Applicable (Not Transported),1
34,New Jersey,340627,1,1,2,2,0,2,2,7,CAMDEN (7),1710,LINDENWOLD,12,December,8,8,5,Thursday,2022,17,5:00pm-5:59pm,42,42,US-30,NA,2,US Highway,2,Urban,3,Principal Arterial - Other,1,State Highway Agency,1,This section IS ON the NHS,0,No Special Jurisdiction,134,134,39.81342778,39.81342778,-74.98719167,-74.98719167,8,Pedestrian,0,The First Harmful Event was Not a Collision with a Motor Vehicle in Transport,0,No,1,Non-Junction,1,Not an Intersection,1,On Roadway,0,None,3,Dark - Lighted,1,Clear,0,No,0000000,Not Applicable,17,5:00pm-5:59pm,45,45,17,5:00pm-5:59pm,50,50,18,6:00pm-6:59pm,24,24,1
34,New Jersey,340628,1,1,1,1,0,1,1,7,CAMDEN (7),0,NOT APPLICABLE,11,November,7,7,2,Monday,2022,22,10:00pm-10:59pm,28,28,SR-168 BLACK HORSE PIKE,NA,3,State Highway,2,Urban,3,Principal Arterial - Other,1,State Highway Agency,1,This section IS ON the NHS,0,No Special Jurisdiction,32,32,39.81323056,39.81323056,-75.06817778,-75.06817778,8,Pedestrian,0,The First Harmful Event was Not a Collision with a Motor Vehicle in Transport,0,No,1,Non-Junction,1,Not an Intersection,1,On Roadway,0,None,6,Dark - Unknown Lighting,1,Clear,0,No,0000000,Not Applicable,22,10:00pm-10:59pm,30,30,22,10:00pm-10:59pm,34,34,23,11:00pm-11:59pm,0,0,1
34,New Jersey,340629,0,0,4,2,2,5,5,13,ESSEX (13),2130,NEWARK,9,September,9,9,6,Friday,2022,2,2:00am-2:59am,20,20,AVON AVE,BERGEN ST,6,Local Street - Municipality,2,Urban,5,Major Collector,4,City or Municipal Highway Agency,0,This section IS NOT on the NHS,0,No Special Jurisdiction,9,9,40.72514167,40.72514167,-74.19868056,-74.19868056,12,Motor Vehicle In-Transport,6,Angle,0,No,2,Intersection,2,Four-Way Intersection,1,On Roadway,0,None,3,Dark - Lighted,1,Clear,0,No,0000000,Not Applicable,2,2:00am-2:59am,18,18,2,2:00am-2:59am,23,23,2,2:00am-2:59am,38,38,1
34,New Jersey,340630,1,1,2,2,0,2,2,17,HUDSON (17),2205,NORTH BERGEN,9,September,6,6,3,Tuesday,2022,5,5:00am-5:59am,55,55,US-1 TONNELLE AVE,69TH STREET,2,US Highway,2,Urban,3,Principal Arterial - Other,1,State Highway Agency,1,This section IS ON the NHS,0,No Special Jurisdiction,594,594,40.79992222,40.79992222,-74.02258056,-74.02258056,8,Pedestrian,0,The First Harmful Event was Not a Collision with a Motor Vehicle in Transport,0,No,3,Intersection-Related,2,Four-Way Intersection,1,On Roadway,0,None,3,Dark - Lighted,2,Rain,0,No,0000000,Not Applicable,99,Unknown,99,Unknown,99,Unknown EMS Scene Arrival Hour,99,Unknown EMS Scene Arrival Minutes,99,Unknown,99,Unknown EMS Hospital Arrival Time,1
34,New Jersey,340631,0,0,2,2,0,2,2,23,MIDDLESEX (23),2970,SAYREVILLE,12,December,20,20,3,Tuesday,2022,6,6:00am-6:59am,35,35,US-9,NA,2,US Highway,2,Urban,3,Principal Arterial - Other,1,State Highway Agency,1,This section IS ON the NHS,0,No Special Jurisdiction,1310,1310,40.49636944,40.49636944,-74.29833611,-74.29833611,12,Motor Vehicle In-Transport,1,Front-to-Rear,0,No,1,Non-Junction,1,Not an Intersection,1,On Roadway,0,None,1,Daylight,1,Clear,0,No,0000000,Not Applicable,6,6:00am-6:59am,42,42,7,7:00am-7:59am,2,2,7,7:00am-7:59am,44,44,1
34,New Jersey,340632,0,0,2,2,0,5,5,39,UNION (39),3395,UNION,10,October,1,1,7,Saturday,2022,23,11:00pm-11:59pm,32,32,I-78,NA,1,Interstate,2,Urban,1,Interstate,1,State Highway Agency,1,This section IS ON the NHS,0,No Special Jurisdiction,531,531,40.70621944,40.70621944,-74.24977222,-74.24977222,12,Motor Vehicle In-Transport,1,Front-to-Rear,0,No,1,Non-Junction,1,Not an Intersection,1,On Roadway,0,None,3,Dark - Lighted,2,Rain,0,No,0000000,Not Applicable,99,Unknown,99,Unknown,99,Unknown EMS Scene Arrival Hour,99,Unknown EMS Scene Arrival Minutes,99,Unknown,99,Unknown EMS Hospital Arrival Time,1
34,New Jersey,340633,0,0,5,5,0,13,13,15,GLOUCESTER (15),0,NOT APPLICABLE,6,June,4,4,7,Saturday,2022,16,4:00pm-4:59pm,27,27,SR-42 BLACK HORSE PIKE,CR-639 GANTOWN RD,3,State Highway,2,Urban,3,Principal Arterial - Other,1,State Highway Agency,1,This section IS ON the NHS,0,No Special Jurisdiction,53,53,39.75165,39.75165,-75.046,-75.046,12,Motor Vehicle In-Transport,1,Front-to-Rear,0,No,3,Intersection-Related,2,Four-Way Intersection,1,On Roadway,0,None,1,Daylight,1,Clear,0,No,0000000,Not Applicable,10,10:00am-10:59am,40,40,10,10:00am-10:59am,42,42,11,11:00am-11:59am,12,12,1
34,New Jersey,340634,0,0,3,2,1,2,2,31,PASSAIC (31),660,CLIFTON,12,December,15,15,5,Thursday,2022,14,2:00pm-2:59pm,43,43,SR-3,NA,3,State Highway,2,Urban,2,Principal Arterial - Other Freeways and Expressways,1,State Highway Agency,1,This section IS ON the NHS,0,No Special Jurisdiction,99998,Not Reported,40.82349167,40.82349167,-74.12471944,-74.12471944,12,Motor Vehicle In-Transport,6,Angle,0,No,1,Non-Junction,1,Not an Intersection,1,On Roadway,0,None,9,Reported as Unknown,1,Clear,0,No,0000000,Not Applicable,99,Unknown,99,Unknown,99,Unknown EMS Scene Arrival Hour,99,Unknown EMS Scene Arrival Minutes,99,Unknown,99,Unknown EMS Hospital Arrival Time,1
34,New Jersey,340635,1,1,1,1,0,1,1,7,CAMDEN (7),520,CAMDEN,12,December,1,1,5,Thursday,2022,19,7:00pm-7:59pm,8,8,ATLANTIC AVE,NA,6,Local Street - Municipality,2,Urban,5,Major Collector,4,City or Municipal Highway Agency,1,This section IS ON the NHS,0,No Special Jurisdiction,99998,Not Reported,39.92873056,39.92873056,-75.11908333,-75.11908333,8,Pedestrian,0,The First Harmful Event was Not a Collision with a Motor Vehicle in Transport,0,No,1,Non-Junction,1,Not an Intersection,1,On Roadway,0,None,6,Dark - Unknown Lighting,1,Clear,0,No,0000000,Not Applicable,19,7:00pm-7:59pm,7,7,19,7:00pm-7:59pm,12,12,19,7:00pm-7:59pm,32,32,1
34,New Jersey,340636,1,1,1,1,0,1,1,7,CAMDEN (7),2930,RUNNEMEDE,10,October,6,6,5,Thursday,2022,5,5:00am-5:59am,57,57,SR-168 BLACK HORSE PIKE,NA,3,State Highway,2,Urban,3,Principal Arterial - Other,1,State Highway Agency,1,This section IS ON the NHS,0,No Special Jurisdiction,63,63,39.85615833,39.85615833,-75.07535556,-75.07535556,8,Pedestrian,0,The First Harmful Event was Not a Collision with a Motor Vehicle in Transport,0,No,1,Non-Junction,1,Not an Intersection,1,On Roadway,0,None,2,Dark - Not Lighted,1,Clear,0,No,0000000,Not Applicable,5,5:00am-5:59am,57,57,6,6:00am-6:59am,2,2,88,Not Applicable (Not Transported),88,Not Applicable (Not Transported),1
34,New Jersey,340637,1,1,1,1,0,1,1,7,CAMDEN (7),520,CAMDEN,11,November,17,17,5,Thursday,2022,0,0:00am-0:59am,12,12,US-30,NA,2,US Highway,2,Urban,3,Principal Arterial - Other,1,State Highway Agency,1,This section IS ON the NHS,0,No Special Jurisdiction,19,19,39.94094444,39.94094444,-75.10296667,-75.10296667,8,Pedestrian,0,The First Harmful Event was Not a Collision with a Motor Vehicle in Transport,0,No,1,Non-Junction,1,Not an Intersection,1,On Roadway,0,None,2,Dark - Not Lighted,1,Clear,0,No,0000000,Not Applicable,0,0:00am-0:59am,13,13,0,0:00am-0:59am,19,19,99,Unknown,99,Unknown EMS Hospital Arrival Time,1
34,New Jersey,340638,1,1,1,1,0,1,1,7,CAMDEN (7),1235,HADDON HEIGHTS,12,December,5,5,2,Monday,2022,11,11:00am-11:59am,44,44,US-30,NA,2,US Highway,2,Urban,3,Principal Arterial - Other,1,State Highway Agency,1,This section IS ON the NHS,0,No Special Jurisdiction,72,72,39.88484444,39.88484444,-75.05875,-75.05875,8,Pedestrian,0,The First Harmful Event was Not a Collision with a Motor Vehicle in Transport,0,No,1,Non-Junction,1,Not an Intersection,1,On Roadway,0,None,1,Daylight,1,Clear,0,No,0000000,Not Applicable,11,11:00am-11:59am,46,46,11,11:00am-11:59am,50,50,12,12:00pm-12:59pm,22,22,1
34,New Jersey,340639,0,0,2,2,0,2,2,25,MONMOUTH (25),3357,TINTON FALLS,9,September,1,1,5,Thursday,2022,19,7:00pm-7:59pm,7,7,CR-16 ASBURY AVE,CR-547 SHAFTO RD,4,County Road,2,Urban,4,Minor Arterial,2,County Highway Agency,0,This section IS NOT on the NHS,0,No Special Jurisdiction,11,11,40.24704167,40.24704167,-74.10046667,-74.10046667,12,Motor Vehicle In-Transport,6,Angle,0,No,2,Intersection,2,Four-Way Intersection,1,On Roadway,0,None,5,Dusk,1,Clear,0,No,0000000,Not Applicable,19,7:00pm-7:59pm,12,12,19,7:00pm-7:59pm,21,21,19,7:00pm-7:59pm,43,43,2
34,New Jersey,340640,1,1,1,1,0,1,1,13,ESSEX (13),1480,TOWNSHIP OF IRVINGTON,11,November,27,27,1,Sunday,2022,18,6:00pm-6:59pm,10,10,CR-603 SPRINGFIELD AVE,NA,4,County Road,2,Urban,3,Principal Arterial - Other,2,County Highway Agency,1,This section IS ON the NHS,0,No Special Jurisdiction,99998,Not Reported,40.72553611,40.72553611,-74.23471667,-74.23471667,8,Pedestrian,0,The First Harmful Event was Not a Collision with a Motor Vehicle in Transport,0,No,1,Non-Junction,1,Not an Intersection,1,On Roadway,0,None,3,Dark - Lighted,2,Rain,0,No,0000000,Not Applicable,18,6:00pm-6:59pm,0,0,18,6:00pm-6:59pm,5,5,18,6:00pm-6:59pm,26,26,1
34,New Jersey,340641,1,1,1,1,0,1,1,7,CAMDEN (7),598,CHERRY HILL,9,September,12,12,2,Monday,2022,21,9:00pm-9:59pm,44,44,SR-70,NA,3,State Highway,2,Urban,3,Principal Arterial - Other,1,State Highway Agency,1,This section IS ON the NHS,0,No Special Jurisdiction,99998,Not Reported,39.91149167,39.91149167,-74.99771944,-74.99771944,8,Pedestrian,0,The First Harmful Event was Not a Collision with a Motor Vehicle in Transport,0,No,1,Non-Junction,1,Not an Intersection,1,On Roadway,1,Construction,2,Dark - Not Lighted,2,Rain,0,No,0000000,Not Applicable,21,9:00pm-9:59pm,43,43,21,9:00pm-9:59pm,47,47,88,Not Applicable (Not Transported),88,Not Applicable (Not Transported),1
34,New Jersey,340642,1,1,1,1,0,1,1,7,CAMDEN (7),598,CHERRY HILL,11,November,25,25,6,Friday,2022,18,6:00pm-6:59pm,19,19,CR-626 CHAPEL AVE,BELLOWS LANE,4,County Road,2,Urban,4,Minor Arterial,2,County Highway Agency,0,This section IS NOT on the NHS,0,No Special Jurisdiction,31,31,39.926275,39.926275,-75.00337222,-75.00337222,8,Pedestrian,0,The First Harmful Event was Not a Collision with a Motor Vehicle in Transport,0,No,2,Intersection,3,T-Intersection,1,On Roadway,0,None,6,Dark - Unknown Lighting,1,Clear,0,No,0000000,Not Applicable,18,6:00pm-6:59pm,27,27,18,6:00pm-6:59pm,32,32,18,6:00pm-6:59pm,57,57,1
34,New Jersey,340643,0,0,2,2,0,2,2,25,MONMOUTH (25),8,ABERDEEN,10,October,14,14,6,Friday,2022,17,5:00pm-5:59pm,57,57,GORDON ST,ARLINGTON AVE,6,Local Street - Municipality,2,Urban,7,Local,4,City or Municipal Highway Agency,0,This section IS NOT on the NHS,0,No Special Jurisdiction,99998,Not Reported,40.43648056,40.43648056,-74.24228333,-74.24228333,1,Rollover/Overturn,0,The First Harmful Event was Not a Collision with a Motor Vehicle in Transport,0,No,2,Intersection,2,Four-Way Intersection,1,On Roadway,0,None,1,Daylight,1,Clear,0,No,0000000,Not Applicable,18,6:00pm-6:59pm,1,1,18,6:00pm-6:59pm,10,10,18,6:00pm-6:59pm,42,42,1
34,New Jersey,340644,0,0,4,4,0,7,7,23,MIDDLESEX (23),3144,SOUTH BRUNSWICK,12,December,22,22,5,Thursday,2022,16,4:00pm-4:59pm,26,26,BEEKMAN RD,NA,6,Local Street - Municipality,2,Urban,4,Minor Arterial,4,City or Municipal Highway Agency,0,This section IS NOT on the NHS,0,No Special Jurisdiction,99998,Not Reported,40.41682778,40.41682778,-74.54086111,-74.54086111,12,Motor Vehicle In-Transport,6,Angle,0,No,1,Non-Junction,1,Not an Intersection,1,On Roadway,0,None,5,Dusk,2,Rain,0,No,0000000,Not Applicable,16,4:00pm-4:59pm,29,29,16,4:00pm-4:59pm,34,34,17,5:00pm-5:59pm,46,46,1
34,New Jersey,340645,0,0,3,3,0,3,3,15,GLOUCESTER (15),3734,WOOLWICH TOWNSHIP,6,June,6,6,2,Monday,2022,15,3:00pm-3:59pm,44,44,US-322,NA,2,US Highway,2,Urban,3,Principal Arterial - Other,1,State Highway Agency,1,This section IS ON the NHS,0,No Special Jurisdiction,80,80,39.75638889,39.75638889,-75.271875,-75.271875,12,Motor Vehicle In-Transport,6,Angle,0,No,1,Non-Junction,1,Not an Intersection,1,On Roadway,0,None,1,Daylight,1,Clear,0,No,0000000,Not Applicable,15,3:00pm-3:59pm,47,47,15,3:00pm-3:59pm,48,48,16,4:00pm-4:59pm,20,20,1
34,New Jersey,340646,1,1,1,1,0,1,1,25,MONMOUTH (25),1090,FREEHOLD,11,November,29,29,3,Tuesday,2022,23,11:00pm-11:59pm,59,59,US-9,NA,2,US Highway,2,Urban,3,Principal Arterial - Other,1,State Highway Agency,1,This section IS ON the NHS,0,No Special Jurisdiction,1132,1132,40.24585,40.24585,-74.28265833,-74.28265833,8,Pedestrian,0,The First Harmful Event was Not a Collision with a Motor Vehicle in Transport,0,No,1,Non-Junction,1,Not an Intersection,1,On Roadway,0,None,3,Dark - Lighted,1,Clear,0,No,0000000,Not Applicable,23,11:00pm-11:59pm,9,9,23,11:00pm-11:59pm,20,20,88,Not Applicable (Not Transported),88,Not Applicable (Not Transported),1
34,New Jersey,340647,0,0,1,1,0,1,1,25,MONMOUTH (25),3357,TINTON FALLS,11,November,23,23,4,Wednesday,2022,2,2:00am-2:59am,0,0,CR-16 ASBURY AVE,NA,4,County Road,2,Urban,7,Local,2,County Highway Agency,0,This section IS NOT on the NHS,0,No Special Jurisdiction,99998,Not Reported,40.24660833,40.24660833,-74.09985556,-74.09985556,33,Curb,0,The First Harmful Event was Not a Collision with a Motor Vehicle in Transport,0,No,1,Non-Junction,1,Not an Intersection,4,On Roadside,0,None,6,Dark - Unknown Lighting,1,Clear,0,No,0000000,Not Applicable,2,2:00am-2:59am,5,5,2,2:00am-2:59am,13,13,88,Not Applicable (Not Transported),88,Not Applicable (Not Transported),1
34,New Jersey,340648,1,1,1,1,0,1,1,25,MONMOUTH (25),1090,FREEHOLD,12,December,6,6,3,Tuesday,2022,16,4:00pm-4:59pm,47,47,CR-522 THROCKMORTON ST,NA,4,County Road,2,Urban,4,Minor Arterial,2,County Highway Agency,0,This section IS NOT on the NHS,0,No Special Jurisdiction,203,203,40.26462778,40.26462778,-74.28493611,-74.28493611,8,Pedestrian,0,The First Harmful Event was Not a Collision with a Motor Vehicle in Transport,0,No,1,Non-Junction,1,Not an Intersection,1,On Roadway,0,None,3,Dark - Lighted,2,Rain,0,No,0000000,Not Applicable,17,5:00pm-5:59pm,0,0,17,5:00pm-5:59pm,6,6,17,5:00pm-5:59pm,23,23,1
34,New Jersey,340649,0,0,2,2,0,2,2,15,GLOUCESTER (15),0,NOT APPLICABLE,11,November,1,1,3,Tuesday,2022,18,6:00pm-6:59pm,53,53,CR-641 FERREL RD,NA,4,County Road,2,Urban,5,Major Collector,2,County Highway Agency,0,This section IS NOT on the NHS,0,No Special Jurisdiction,99998,Not Reported,39.6855,39.6855,-75.18515833,-75.18515833,12,Motor Vehicle In-Transport,6,Angle,0,No,1,Non-Junction,1,Not an Intersection,1,On Roadway,0,None,5,Dusk,1,Clear,0,No,0000000,Not Applicable,18,6:00pm-6:59pm,54,54,19,7:00pm-7:59pm,3,3,88,Not Applicable (Not Transported),88,Not Applicable (Not Transported),1
34,New Jersey,340650,0,0,1,1,0,1,1,15,GLOUCESTER (15),0,NOT APPLICABLE,12,December,16,16,6,Friday,2022,3,3:00am-3:59am,40,40,LAUX RD,NA,6,Local Street - Municipality,2,Urban,7,Local,4,City or Municipal Highway Agency,0,This section IS NOT on the NHS,0,No Special Jurisdiction,99998,Not Reported,39.66582778,39.66582778,-75.19388889,-75.19388889,42,Tree (Standing Only),0,The First Harmful Event was Not a Collision with a Motor Vehicle in Transport,0,No,1,Non-Junction,1,Not an Intersection,4,On Roadside,0,None,2,Dark - Not Lighted,2,Rain,0,No,0000000,Not Applicable,3,3:00am-3:59am,42,42,3,3:00am-3:59am,54,54,88,Not Applicable (Not Transported),88,Not Applicable (Not Transported),1
34,New Jersey,340651,0,0,2,1,1,4,4,25,MONMOUTH (25),2109,NEPTUNE CITY,6,June,5,5,1,Sunday,2022,19,7:00pm-7:59pm,19,19,MYRTLE AVE,NA,6,Local Street - Municipality,2,Urban,7,Local,4,City or Municipal Highway Agency,0,This section IS NOT on the NHS,0,No Special Jurisdiction,99998,Not Reported,40.21942778,40.21942778,-74.02619444,-74.02619444,1,Rollover/Overturn,0,The First Harmful Event was Not a Collision with a Motor Vehicle in Transport,0,No,1,Non-Junction,1,Not an Intersection,1,On Roadway,0,None,5,Dusk,1,Clear,0,No,0000000,Not Applicable,19,7:00pm-7:59pm,26,26,19,7:00pm-7:59pm,28,28,19,7:00pm-7:59pm,42,42,1